PlayerID,TeamID,Team,TeamLogo,Number,Name,Position,Age,Nationality,Market Value,Image,League,Country
fcsb_stefan_tarnovanu,fcsb,FCSB,fcsb.png,32,Stefan Tarnovanu,Goalkeeper,"May 9, 2000 (24)",Romania,€4.50m,fcsb_stefan_tarnovanu.png,Superliga,Romania
fcsb_lukas_zima,fcsb,FCSB,fcsb.png,38,Lukas Zima,Goalkeeper,"Jan 9, 1994 (31)",Czech Republic,€1.00m,fcsb_lukas_zima.png,Superliga,Romania
fcsb_mihai_udrea,fcsb,FCSB,fcsb.png,1,Mihai Udrea,Goalkeeper,"Jul 20, 2001 (23)",Romania,€100k,fcsb_mihai_udrea.png,Superliga,Romania
fcsb_joyskim_dawa,fcsb,FCSB,fcsb.png,5,Joyskim Dawa,Centre-Back,"Apr 9, 1996 (29)",Cameroon,€2.50m,fcsb_joyskim_dawa.png,Superliga,Romania
fcsb_siyabonga_ngezana,fcsb,FCSB,fcsb.png,30,Siyabonga Ngezana,Centre-Back,"Jul 15, 1997 (27)",South Africa,€2.50m,fcsb_siyabonga_ngezana.png,Superliga,Romania
fcsb_mihai_popescu,fcsb,FCSB,fcsb.png,17,Mihai Popescu,Centre-Back,"May 7, 1993 (31)",Romania,€1.00m,fcsb_mihai_popescu.png,Superliga,Romania
fcsb_vlad_chiriches,fcsb,FCSB,fcsb.png,21,Vlad Chiriches,Centre-Back,"Nov 14, 1989 (35)",Romania,€300k,fcsb_vlad_chiriches.png,Superliga,Romania
fcsb_andrei_dancus,fcsb,FCSB,fcsb.png,6,Andrei Dancus,Centre-Back,"Jan 20, 2009 (16)",Romania,-,fcsb_andrei_dancus.jpg,Superliga,Romania
fcsb_risto_radunovic,fcsb,FCSB,fcsb.png,33,Risto Radunovic,Left-Back,"May 4, 1992 (32)",Montenegro,€1.20m,fcsb_risto_radunovic.png,Superliga,Romania
fcsb_david_kiki,fcsb,FCSB,fcsb.png,12,David Kiki,Left-Back,"Nov 25, 1993 (31)",Benin,€500k,fcsb_david_kiki.png,Superliga,Romania
fcsb_alexandru_pantea,fcsb,FCSB,fcsb.png,28,Alexandru Pantea,Right-Back,"Sep 11, 2003 (21)",Romania,€800k,fcsb_alexandru_pantea.png,Superliga,Romania
fcsb_ionut_cercel,fcsb,FCSB,fcsb.png,23,Ionut Cercel,Right-Back,"Nov 14, 2006 (18)",Romania,€350k,fcsb_ionut_cercel.png,Superliga,Romania
fcsb_valentin_cretu,fcsb,FCSB,fcsb.png,2,Valentin Cretu,Right-Back,"Jan 2, 1989 (36)",Romania,€175k,fcsb_valentin_cretu.png,Superliga,Romania
fcsb_adrian_sut,fcsb,FCSB,fcsb.png,8,Adrian Sut,Defensive Midfield,"Apr 30, 1999 (25)",Romania,€3.80m,fcsb_adrian_sut.png,Superliga,Romania
fcsb_baba_alhassan,fcsb,FCSB,fcsb.png,42,Baba Alhassan,Defensive Midfield,"Jan 3, 2000 (25)",Ghana,€900k,fcsb_baba_alhassan.png,Superliga,Romania
fcsb_mihai_lixandru,fcsb,FCSB,fcsb.png,16,Mihai Lixandru,Central Midfield,"Jun 5, 2001 (23)",Romania,€1.20m,fcsb_mihai_lixandru.png,Superliga,Romania
fcsb_juri_cisotti,fcsb,FCSB,fcsb.png,31,Juri Cisotti,Central Midfield,"May 5, 1993 (31)",Italy,€800k,fcsb_juri_cisotti.png,Superliga,Romania
fcsb_malcom_edjouma,fcsb,FCSB,fcsb.png,18,Malcom Edjouma,Central Midfield,"Oct 8, 1996 (28)",Morocco,€700k,fcsb_malcom_edjouma.png,Superliga,Romania
fcsb_andrei_gheorghita,fcsb,FCSB,fcsb.png,77,Andrei Gheorghita,Left Midfield,"Jul 16, 2002 (22)",Romania,€700k,fcsb_andrei_gheorghita.png,Superliga,Romania
fcsb_darius_olaru,fcsb,FCSB,fcsb.png,27,Darius Olaru,Attacking Midfield,"Mar 3, 1998 (27)",Romania,€7.50m,fcsb_darius_olaru.png,Superliga,Romania
fcsb_florin_tanase,fcsb,FCSB,fcsb.png,7,Florin Tanase,Attacking Midfield,"Dec 30, 1994 (30)",Romania,€2.20m,fcsb_florin_tanase.png,Superliga,Romania
fcsb_octavian_popescu,fcsb,FCSB,fcsb.png,10,Octavian Popescu,Left Winger,"Dec 27, 2002 (22)",Romania,€1.40m,fcsb_octavian_popescu.png,Superliga,Romania
fcsb_alexandru_musi,fcsb,FCSB,fcsb.png,29,Alexandru Musi,Left Winger,"Jul 17, 2004 (20)",Romania,€800k,fcsb_alexandru_musi.png,Superliga,Romania
fcsb_mihai_toma,fcsb,FCSB,fcsb.png,22,Mihai Toma,Left Winger,"Feb 17, 2007 (18)",Romania,€250k,fcsb_mihai_toma.png,Superliga,Romania
fcsb_david_miculescu,fcsb,FCSB,fcsb.png,11,David Miculescu,Right Winger,"May 2, 2001 (23)",Romania,€1.70m,fcsb_david_miculescu.png,Superliga,Romania
fcsb_marius_stefanescu,fcsb,FCSB,fcsb.png,15,Marius Stefanescu,Right Winger,"Aug 14, 1998 (26)",Romania,€1.40m,fcsb_marius_stefanescu.png,Superliga,Romania
fcsb_alexandru_baluta,fcsb,FCSB,fcsb.png,25,Alexandru Baluta,Right Winger,"Sep 13, 1993 (31)",Romania,€1.00m,fcsb_alexandru_baluta.png,Superliga,Romania
fcsb_william_baeten,fcsb,FCSB,fcsb.png,24,William Baeten,Right Winger,"Feb 7, 1997 (28)",Belgium,€700k,fcsb_william_baeten.png,Superliga,Romania
fcsb_daniel_birligea,fcsb,FCSB,fcsb.png,9,Daniel Birligea,Centre-Forward,"Apr 19, 2000 (25)",Romania,€4.00m,fcsb_daniel_birligea.png,Superliga,Romania
fcsb_alexandru_stoian,fcsb,FCSB,fcsb.png,90,Alexandru Stoian,Centre-Forward,"Dec 15, 2007 (17)",Romania,€350k,fcsb_alexandru_stoian.jpg,Superliga,Romania
fcsb_jordan_gele,fcsb,FCSB,fcsb.png,39,Jordan Gele,Centre-Forward,"Sep 16, 1992 (32)",France,€250k,fcsb_jordan_gele.png,Superliga,Romania
fcsb_denis_colibasanu,fcsb,FCSB,fcsb.png,20,Denis Colibasanu,Centre-Forward,"Mar 10, 2007 (18)",Romania,-,fcsb_denis_colibasanu.png,Superliga,Romania
fc_rapid_1923_marian_aioani,fc_rapid_1923,FC Rapid 1923,fc_rapid_1923.png,16,Marian Aioani,Goalkeeper,"Nov 7, 1999 (25)",Romania,€1.00m,fc_rapid_1923_marian_aioani.png,Superliga,Romania
fc_rapid_1923_franz_stolz,fc_rapid_1923,FC Rapid 1923,fc_rapid_1923.png,1,Franz Stolz,Goalkeeper,"Feb 14, 2001 (24)",Austria,€200k,fc_rapid_1923_franz_stolz.png,Superliga,Romania
fc_rapid_1923_dinu_moldovan,fc_rapid_1923,FC Rapid 1923,fc_rapid_1923.png,-,Dinu Moldovan,Goalkeeper,"May 3, 1990 (34)",Romania,€100k,fc_rapid_1923_dinu_moldovan.png,Superliga,Romania
fc_rapid_1923_adrian_briciu,fc_rapid_1923,FC Rapid 1923,fc_rapid_1923.png,31,Adrian Briciu,Goalkeeper,"Jun 5, 2007 (17)",Romania,-,fc_rapid_1923_adrian_briciu.jpg,Superliga,Romania
fc_rapid_1923_alexandru_pascanu,fc_rapid_1923,FC Rapid 1923,fc_rapid_1923.png,5,Alexandru Pascanu,Centre-Back,"Sep 28, 1998 (26)",Romania,€1.70m,fc_rapid_1923_alexandru_pascanu.jpg,Superliga,Romania
fc_rapid_1923_denis_ciobotariu,fc_rapid_1923,FC Rapid 1923,fc_rapid_1923.png,13,Denis Ciobotariu,Centre-Back,"Jun 10, 1998 (26)",Romania,€1.50m,fc_rapid_1923_denis_ciobotariu.png,Superliga,Romania
fc_rapid_1923_cristian_ignat,fc_rapid_1923,FC Rapid 1923,fc_rapid_1923.png,21,Cristian Ignat,Centre-Back,"Jan 29, 2003 (22)",Romania,€1.00m,fc_rapid_1923_cristian_ignat.png,Superliga,Romania
fc_rapid_1923_cristian_sapunaru,fc_rapid_1923,FC Rapid 1923,fc_rapid_1923.png,22,Cristian Sapunaru,Centre-Back,"Apr 5, 1984 (41)",Romania,€100k,fc_rapid_1923_cristian_sapunaru.png,Superliga,Romania
fc_rapid_1923_andrei_borza,fc_rapid_1923,FC Rapid 1923,fc_rapid_1923.png,24,Andrei Borza,Left-Back,"Nov 12, 2005 (19)",Romania,€1.80m,fc_rapid_1923_andrei_borza.png,Superliga,Romania
fc_rapid_1923_robert_badescu,fc_rapid_1923,FC Rapid 1923,fc_rapid_1923.png,3,Robert Badescu,Left-Back,"Apr 2, 2005 (20)",Romania,€150k,fc_rapid_1923_robert_badescu.jpg,Superliga,Romania
fc_rapid_1923_cristian_manea,fc_rapid_1923,FC Rapid 1923,fc_rapid_1923.png,23,Cristian Manea,Right-Back,"Aug 9, 1997 (27)",Romania,€2.00m,fc_rapid_1923_cristian_manea.png,Superliga,Romania
fc_rapid_1923_razvan_onea,fc_rapid_1923,FC Rapid 1923,fc_rapid_1923.png,19,Razvan Onea,Right-Back,"May 19, 1998 (26)",Romania,€550k,fc_rapid_1923_razvan_onea.png,Superliga,Romania
fc_rapid_1923_christopher_braun,fc_rapid_1923,FC Rapid 1923,fc_rapid_1923.png,47,Christopher Braun,Right-Back,"Jul 15, 1991 (33)",Germany,€450k,fc_rapid_1923_christopher_braun.png,Superliga,Romania
fc_rapid_1923_tobias_christensen,fc_rapid_1923,FC Rapid 1923,fc_rapid_1923.png,17,Tobias Christensen,Defensive Midfield,"May 11, 2000 (24)",Norway,€1.50m,fc_rapid_1923_tobias_christensen.jpg,Superliga,Romania
fc_rapid_1923_jakub_hromada,fc_rapid_1923,FC Rapid 1923,fc_rapid_1923.png,14,Jakub Hromada,Defensive Midfield,"May 25, 1996 (28)",Slovakia,€850k,fc_rapid_1923_jakub_hromada.png,Superliga,Romania
fc_rapid_1923_kader_keita,fc_rapid_1923,FC Rapid 1923,fc_rapid_1923.png,18,Kader Keita,Defensive Midfield,"Nov 6, 2000 (24)",Cote d'Ivoire,€850k,fc_rapid_1923_kader_keita.png,Superliga,Romania
fc_rapid_1923_peter_ademo,fc_rapid_1923,FC Rapid 1923,fc_rapid_1923.png,69,Peter Ademo,Defensive Midfield,"Jan 11, 2003 (22)",Nigeria,€700k,fc_rapid_1923_peter_ademo.png,Superliga,Romania
fc_rapid_1923_diogo_mendes,fc_rapid_1923,FC Rapid 1923,fc_rapid_1923.png,66,Diogo Mendes,Defensive Midfield,"Jan 24, 1998 (27)",Cape Verde,€450k,fc_rapid_1923_diogo_mendes.jpg,Superliga,Romania
fc_rapid_1923_catalin_vulturar,fc_rapid_1923,FC Rapid 1923,fc_rapid_1923.png,15,Catalin Vulturar,Defensive Midfield,"Mar 9, 2004 (21)",Romania,€200k,fc_rapid_1923_catalin_vulturar.png,Superliga,Romania
fc_rapid_1923_constantin_grameni,fc_rapid_1923,FC Rapid 1923,fc_rapid_1923.png,8,Constantin Grameni,Central Midfield,"Oct 23, 2002 (22)",Romania,€1.60m,fc_rapid_1923_constantin_grameni.png,Superliga,Romania
fc_rapid_1923_mattias_kait,fc_rapid_1923,FC Rapid 1923,fc_rapid_1923.png,4,Mattias Kait,Central Midfield,"Jun 29, 1998 (26)",Estonia,€1.20m,fc_rapid_1923_mattias_kait.png,Superliga,Romania
fc_rapid_1923_luka_gojkovic,fc_rapid_1923,FC Rapid 1923,fc_rapid_1923.png,28,Luka Gojkovic,Attacking Midfield,"Nov 28, 1999 (25)",Serbia,€450k,fc_rapid_1923_luka_gojkovic.png,Superliga,Romania
fc_rapid_1923_xian_emmers,fc_rapid_1923,FC Rapid 1923,fc_rapid_1923.png,25,Xian Emmers,Attacking Midfield,"Jul 20, 1999 (25)",Belgium,€400k,fc_rapid_1923_xian_emmers.png,Superliga,Romania
fc_rapid_1923_claudiu_petrila,fc_rapid_1923,FC Rapid 1923,fc_rapid_1923.png,10,Claudiu Petrila,Left Winger,"Nov 7, 2000 (24)",Romania,€2.20m,fc_rapid_1923_claudiu_petrila.png,Superliga,Romania
fc_rapid_1923_alexandru_dobre,fc_rapid_1923,FC Rapid 1923,fc_rapid_1923.png,29,Alexandru Dobre,Left Winger,"Aug 30, 1998 (26)",Romania,€1.40m,fc_rapid_1923_alexandru_dobre.jpg,Superliga,Romania
fc_rapid_1923_claudiu_micovschi,fc_rapid_1923,FC Rapid 1923,fc_rapid_1923.png,7,Claudiu Micovschi,Left Winger,"May 19, 1999 (25)",Romania,€500k,fc_rapid_1923_claudiu_micovschi.png,Superliga,Romania
fc_rapid_1923_rares_pop,fc_rapid_1923,FC Rapid 1923,fc_rapid_1923.png,55,Rares Pop,Right Winger,"Jun 14, 2005 (19)",Romania,€750k,fc_rapid_1923_rares_pop.png,Superliga,Romania
fc_rapid_1923_clinton_n'jie,fc_rapid_1923,FC Rapid 1923,fc_rapid_1923.png,9,Clinton N'Jie,Right Winger,"Aug 15, 1993 (31)",Cameroon,€650k,fc_rapid_1923_clinton_n'jie.jpg,Superliga,Romania
fc_rapid_1923_david_ankeye,fc_rapid_1923,FC Rapid 1923,fc_rapid_1923.png,30,David Ankeye,Centre-Forward,"May 22, 2002 (22)",Nigeria,€1.30m,fc_rapid_1923_david_ankeye.jpg,Superliga,Romania
fc_rapid_1923_borisav_burmaz,fc_rapid_1923,FC Rapid 1923,fc_rapid_1923.png,11,Borisav Burmaz,Centre-Forward,"Apr 21, 2001 (24)",Serbia,€1.20m,fc_rapid_1923_borisav_burmaz.png,Superliga,Romania
fc_rapid_1923_elvir_koljic,fc_rapid_1923,FC Rapid 1923,fc_rapid_1923.png,95,Elvir Koljic,Centre-Forward,"Jul 8, 1995 (29)",Bosnia-Herzegovina,€700k,fc_rapid_1923_elvir_koljic.png,Superliga,Romania
cs_universitatea_craiova_laurentiu_popescu,cs_universitatea_craiova,CS Universitatea Craiova,cs_universitatea_craiova.png,21,Laurentiu Popescu,Goalkeeper,"Jan 18, 1997 (28)",Romania,€1.70m,cs_universitatea_craiova_laurentiu_popescu.png,Superliga,Romania
cs_universitatea_craiova_relu_stoian,cs_universitatea_craiova,CS Universitatea Craiova,cs_universitatea_craiova.png,32,Relu Stoian,Goalkeeper,"Mar 1, 1996 (29)",Romania,€150k,cs_universitatea_craiova_relu_stoian.png,Superliga,Romania
cs_universitatea_craiova_silviu_lung_jr.,cs_universitatea_craiova,CS Universitatea Craiova,cs_universitatea_craiova.png,33,Silviu Lung Jr.,Goalkeeper,"Jun 4, 1989 (35)",Romania,€150k,cs_universitatea_craiova_silviu_lung_jr..png,Superliga,Romania
cs_universitatea_craiova_denil_maldonado,cs_universitatea_craiova,CS Universitatea Craiova,cs_universitatea_craiova.png,3,Denil Maldonado,Centre-Back,"May 26, 1998 (26)",Honduras,€1.50m,cs_universitatea_craiova_denil_maldonado.png,Superliga,Romania
cs_universitatea_craiova_gjoko_zajkov,cs_universitatea_craiova,CS Universitatea Craiova,cs_universitatea_craiova.png,26,Gjoko Zajkov,Centre-Back,"Feb 10, 1995 (30)",North Macedonia,€800k,cs_universitatea_craiova_gjoko_zajkov.png,Superliga,Romania
cs_universitatea_craiova_juraj_badelj,cs_universitatea_craiova,CS Universitatea Craiova,cs_universitatea_craiova.png,15,Juraj Badelj,Centre-Back,"Aug 24, 2003 (21)",Croatia,€600k,cs_universitatea_craiova_juraj_badelj.png,Superliga,Romania
cs_universitatea_craiova_marcus_pacurar,cs_universitatea_craiova,CS Universitatea Craiova,cs_universitatea_craiova.png,41,Marcus Pacurar,Centre-Back,"May 2, 2005 (19)",Romania,€50k,cs_universitatea_craiova_marcus_pacurar.png,Superliga,Romania
cs_universitatea_craiova_nicusor_bancu,cs_universitatea_craiova,CS Universitatea Craiova,cs_universitatea_craiova.png,11,Nicusor Bancu,Left-Back,"Sep 18, 1992 (32)",Romania,€1.30m,cs_universitatea_craiova_nicusor_bancu.png,Superliga,Romania
cs_universitatea_craiova_basilio_ndong,cs_universitatea_craiova,CS Universitatea Craiova,cs_universitatea_craiova.png,12,Basilio Ndong,Left-Back,"Jan 17, 1999 (26)",Equatorial Guinea,€400k,cs_universitatea_craiova_basilio_ndong.png,Superliga,Romania
cs_universitatea_craiova_vasile_mogos,cs_universitatea_craiova,CS Universitatea Craiova,cs_universitatea_craiova.png,19,Vasile Mogos,Right-Back,"Oct 31, 1992 (32)",Romania,€800k,cs_universitatea_craiova_vasile_mogos.png,Superliga,Romania
cs_universitatea_craiova_iago_lopez,cs_universitatea_craiova,CS Universitatea Craiova,cs_universitatea_craiova.png,22,Iago Lopez,Right-Back,"Apr 6, 1999 (26)",Spain,€300k,cs_universitatea_craiova_iago_lopez.png,Superliga,Romania
cs_universitatea_craiova_vladimir_screciu,cs_universitatea_craiova,CS Universitatea Craiova,cs_universitatea_craiova.png,6,Vladimir Screciu,Defensive Midfield,"Jan 13, 2000 (25)",Romania,€2.00m,cs_universitatea_craiova_vladimir_screciu.png,Superliga,Romania
cs_universitatea_craiova_anzor_mekvabishvili,cs_universitatea_craiova,CS Universitatea Craiova,cs_universitatea_craiova.png,5,Anzor Mekvabishvili,Defensive Midfield,"Jun 5, 2001 (23)",Georgia,€1.20m,cs_universitatea_craiova_anzor_mekvabishvili.png,Superliga,Romania
cs_universitatea_craiova_takuto_oshima,cs_universitatea_craiova,CS Universitatea Craiova,cs_universitatea_craiova.png,8,Takuto Oshima,Defensive Midfield,"Jun 1, 1998 (26)",Japan,€1.00m,cs_universitatea_craiova_takuto_oshima.png,Superliga,Romania
cs_universitatea_craiova_robert_lapadatescu,cs_universitatea_craiova,CS Universitatea Craiova,cs_universitatea_craiova.png,39,Robert Lapadatescu,Defensive Midfield,"Nov 8, 2006 (18)",Romania,-,cs_universitatea_craiova_robert_lapadatescu.png,Superliga,Romania
cs_universitatea_craiova_mihai_capatina,cs_universitatea_craiova,CS Universitatea Craiova,cs_universitatea_craiova.png,23,Mihai Capatina,Central Midfield,"Dec 16, 1995 (29)",Romania,€550k,cs_universitatea_craiova_mihai_capatina.png,Superliga,Romania
cs_universitatea_craiova_alexandru_cicaldau,cs_universitatea_craiova,CS Universitatea Craiova,cs_universitatea_craiova.png,20,Alexandru Cicaldau,Attacking Midfield,"Jul 8, 1997 (27)",Romania,€2.20m,cs_universitatea_craiova_alexandru_cicaldau.png,Superliga,Romania
cs_universitatea_craiova_lyes_houri,cs_universitatea_craiova,CS Universitatea Craiova,cs_universitatea_craiova.png,14,Lyes Houri,Attacking Midfield,"Jan 19, 1996 (29)",France,€800k,cs_universitatea_craiova_lyes_houri.png,Superliga,Romania
cs_universitatea_craiova_alexandru_mitrita,cs_universitatea_craiova,CS Universitatea Craiova,cs_universitatea_craiova.png,28,Alexandru Mitrita,Left Winger,"Feb 8, 1995 (30)",Romania,€4.00m,cs_universitatea_craiova_alexandru_mitrita.png,Superliga,Romania
cs_universitatea_craiova_stefan_baiaram,cs_universitatea_craiova,CS Universitatea Craiova,cs_universitatea_craiova.png,10,Stefan Baiaram,Left Winger,"Dec 31, 2002 (22)",Romania,€1.70m,cs_universitatea_craiova_stefan_baiaram.png,Superliga,Romania
cs_universitatea_craiova_luis_paradela,cs_universitatea_craiova,CS Universitatea Craiova,cs_universitatea_craiova.png,7,Luis Paradela,Left Winger,"Jan 21, 1997 (28)",Cuba,€700k,cs_universitatea_craiova_luis_paradela.png,Superliga,Romania
cs_universitatea_craiova_carlos_mora,cs_universitatea_craiova,CS Universitatea Craiova,cs_universitatea_craiova.png,17,Carlos Mora,Right Winger,"Mar 18, 2001 (24)",Costa Rica,€850k,cs_universitatea_craiova_carlos_mora.png,Superliga,Romania
cs_universitatea_craiova_stefan_bana,cs_universitatea_craiova,CS Universitatea Craiova,cs_universitatea_craiova.png,31,Stefan Bana,Right Winger,"Oct 29, 2004 (20)",Romania,€450k,cs_universitatea_craiova_stefan_bana.png,Superliga,Romania
cs_universitatea_craiova_alisson_safira,cs_universitatea_craiova,CS Universitatea Craiova,cs_universitatea_craiova.png,9,Alisson Safira,Centre-Forward,"Mar 17, 1995 (30)",Brazil,€600k,cs_universitatea_craiova_alisson_safira.jpg,Superliga,Romania
cs_universitatea_craiova_jovo_lukic,cs_universitatea_craiova,CS Universitatea Craiova,cs_universitatea_craiova.png,24,Jovo Lukic,Centre-Forward,"Nov 28, 1998 (26)",Bosnia-Herzegovina,€500k,cs_universitatea_craiova_jovo_lukic.jpg,Superliga,Romania
cs_universitatea_craiova_david_barbu,cs_universitatea_craiova,CS Universitatea Craiova,cs_universitatea_craiova.png,27,David Barbu,Centre-Forward,"Jun 26, 2006 (18)",Romania,€150k,cs_universitatea_craiova_david_barbu.png,Superliga,Romania
cfr_cluj_otto_hindrich,cfr_cluj,CFR Cluj,cfr_cluj.png,89,Otto Hindrich,Goalkeeper,"Aug 5, 2002 (22)",Romania,€750k,cfr_cluj_otto_hindrich.png,Superliga,Romania
cfr_cluj_mihai_popa,cfr_cluj,CFR Cluj,cfr_cluj.png,21,Mihai Popa,Goalkeeper,"Oct 12, 2000 (24)",Romania,€650k,cfr_cluj_mihai_popa.png,Superliga,Romania
cfr_cluj_alexandru_borbei,cfr_cluj,CFR Cluj,cfr_cluj.png,30,Alexandru Borbei,Goalkeeper,"Jun 27, 2003 (21)",Romania,€150k,cfr_cluj_alexandru_borbei.jpg,Superliga,Romania
cfr_cluj_rares_gal,cfr_cluj,CFR Cluj,cfr_cluj.png,1,Rares Gal,Goalkeeper,"Jan 25, 2001 (24)",Romania,€50k,cfr_cluj_rares_gal.png,Superliga,Romania
cfr_cluj_mihai_pinzariu,cfr_cluj,CFR Cluj,cfr_cluj.png,12,Mihai Pinzariu,Goalkeeper,"Sep 14, 2004 (20)",Romania,€25k,cfr_cluj_mihai_pinzariu.png,Superliga,Romania
cfr_cluj_matei_ilie,cfr_cluj,CFR Cluj,cfr_cluj.png,27,Matei Ilie,Centre-Back,"Dec 11, 2002 (22)",Romania,€1.30m,cfr_cluj_matei_ilie.png,Superliga,Romania
cfr_cluj_leo_bolgado,cfr_cluj,CFR Cluj,cfr_cluj.png,4,Leo Bolgado,Centre-Back,"Aug 20, 1998 (26)",Brazil,€1.20m,cfr_cluj_leo_bolgado.png,Superliga,Romania
cfr_cluj_daniel_graovac,cfr_cluj,CFR Cluj,cfr_cluj.png,5,Daniel Graovac,Centre-Back,"Aug 8, 1993 (31)",Bosnia-Herzegovina,€400k,cfr_cluj_daniel_graovac.png,Superliga,Romania
cfr_cluj_sheriff_sinyan,cfr_cluj,CFR Cluj,cfr_cluj.png,6,Sheriff Sinyan,Centre-Back,"Jul 19, 1996 (28)",The Gambia,€300k,cfr_cluj_sheriff_sinyan.png,Superliga,Romania
cfr_cluj_costel_avram,cfr_cluj,CFR Cluj,cfr_cluj.png,78,Costel Avram,Centre-Back,"Jun 11, 2002 (22)",Romania,€25k,cfr_cluj_costel_avram.png,Superliga,Romania
cfr_cluj_simao_rocha,cfr_cluj,CFR Cluj,cfr_cluj.png,13,Simao Rocha,Left-Back,"Dec 13, 2000 (24)",Portugal,€1.00m,cfr_cluj_simao_rocha.png,Superliga,Romania
cfr_cluj_aly_abeid,cfr_cluj,CFR Cluj,cfr_cluj.png,3,Aly Abeid,Left-Back,"Dec 11, 1997 (27)",Mauritania,€500k,cfr_cluj_aly_abeid.png,Superliga,Romania
cfr_cluj_mario_camora,cfr_cluj,CFR Cluj,cfr_cluj.png,45,Mario Camora,Left-Back,"Nov 10, 1986 (38)",Romania,€200k,cfr_cluj_mario_camora.png,Superliga,Romania
cfr_cluj_flavius_iacob,cfr_cluj,CFR Cluj,cfr_cluj.png,23,Flavius Iacob,Right-Back,"Oct 30, 2000 (24)",Romania,€250k,cfr_cluj_flavius_iacob.png,Superliga,Romania
cfr_cluj_alexandru_tirlea,cfr_cluj,CFR Cluj,cfr_cluj.png,20,Alexandru Tirlea,Right-Back,"Mar 28, 2000 (25)",Romania,€100k,cfr_cluj_alexandru_tirlea.jpg,Superliga,Romania
cfr_cluj_andrei_peteleu,cfr_cluj,CFR Cluj,cfr_cluj.png,71,Andrei Peteleu,Right-Back,"Aug 20, 1992 (32)",Romania,€50k,cfr_cluj_andrei_peteleu.png,Superliga,Romania
cfr_cluj_lindon_emerllahu,cfr_cluj,CFR Cluj,cfr_cluj.png,18,Lindon Emerllahu,Defensive Midfield,"Dec 7, 2002 (22)",Kosovo,€1.00m,cfr_cluj_lindon_emerllahu.jpg,Superliga,Romania
cfr_cluj_moustapha_name,cfr_cluj,CFR Cluj,cfr_cluj.png,25,Moustapha Name,Defensive Midfield,"May 5, 1995 (29)",Senegal,€1.00m,cfr_cluj_moustapha_name.jpg,Superliga,Romania
cfr_cluj_panagiotis_tachtsidis,cfr_cluj,CFR Cluj,cfr_cluj.png,77,Panagiotis Tachtsidis,Defensive Midfield,"Feb 15, 1991 (34)",Greece,€550k,cfr_cluj_panagiotis_tachtsidis.png,Superliga,Romania
cfr_cluj_alin_fica,cfr_cluj,CFR Cluj,cfr_cluj.png,82,Alin Fica,Central Midfield,"Jun 14, 2001 (23)",Romania,€900k,cfr_cluj_alin_fica.png,Superliga,Romania
cfr_cluj_damjan_djokovic,cfr_cluj,CFR Cluj,cfr_cluj.png,88,Damjan Djokovic,Central Midfield,"Apr 18, 1990 (35)",Croatia,€225k,cfr_cluj_damjan_djokovic.png,Superliga,Romania
cfr_cluj_meriton_korenica,cfr_cluj,CFR Cluj,cfr_cluj.png,17,Meriton Korenica,Left Winger,"Dec 15, 1996 (28)",Kosovo,€1.40m,cfr_cluj_meriton_korenica.png,Superliga,Romania
cfr_cluj_mohammed_kamara,cfr_cluj,CFR Cluj,cfr_cluj.png,7,Mohammed Kamara,Left Winger,"Oct 31, 1997 (27)",Liberia,€600k,cfr_cluj_mohammed_kamara.png,Superliga,Romania
cfr_cluj_adrian_paun,cfr_cluj,CFR Cluj,cfr_cluj.png,11,Adrian Paun,Left Winger,"Apr 1, 1995 (30)",Romania,€600k,cfr_cluj_adrian_paun.png,Superliga,Romania
cfr_cluj_andres_sfait,cfr_cluj,CFR Cluj,cfr_cluj.png,97,Andres Sfait,Left Winger,"Dec 9, 2004 (20)",Romania,€450k,cfr_cluj_andres_sfait.png,Superliga,Romania
cfr_cluj_stipe_juric,cfr_cluj,CFR Cluj,cfr_cluj.png,99,Stipe Juric,Left Winger,"Nov 19, 1998 (26)",Bosnia-Herzegovina,€450k,cfr_cluj_stipe_juric.png,Superliga,Romania
cfr_cluj_ioan_barstan,cfr_cluj,CFR Cluj,cfr_cluj.png,16,Ioan Barstan,Left Winger,"Jun 26, 2004 (20)",Romania,€125k,cfr_cluj_ioan_barstan.jpeg,Superliga,Romania
cfr_cluj_beni_nkololo,cfr_cluj,CFR Cluj,cfr_cluj.png,96,Beni Nkololo,Right Winger,"Nov 6, 1996 (28)",France,€800k,cfr_cluj_beni_nkololo.png,Superliga,Romania
cfr_cluj_ciprian_deac,cfr_cluj,CFR Cluj,cfr_cluj.png,10,Ciprian Deac,Right Winger,"Feb 16, 1986 (39)",Romania,€200k,cfr_cluj_ciprian_deac.png,Superliga,Romania
cfr_cluj_louis_munteanu,cfr_cluj,CFR Cluj,cfr_cluj.png,9,Louis Munteanu,Centre-Forward,"Jun 16, 2002 (22)",Romania,€3.50m,cfr_cluj_louis_munteanu.png,Superliga,Romania
cfr_cluj_virgiliu_postolachi,cfr_cluj,CFR Cluj,cfr_cluj.png,93,Virgiliu Postolachi,Centre-Forward,"Mar 17, 2000 (25)",Moldova,€600k,cfr_cluj_virgiliu_postolachi.png,Superliga,Romania
cfr_cluj_luka_juricic,cfr_cluj,CFR Cluj,cfr_cluj.png,-,Luka Juricic,Centre-Forward,"Nov 25, 1996 (28)",Bosnia-Herzegovina,€300k,cfr_cluj_luka_juricic.png,Superliga,Romania
fc_universitatea_cluj_edvinas_gertmonas,fc_universitatea_cluj,FC Universitatea Cluj,fc_universitatea_cluj.png,30,Edvinas Gertmonas,Goalkeeper,"Jun 1, 1996 (28)",Lithuania,€1.20m,fc_universitatea_cluj_edvinas_gertmonas.png,Superliga,Romania
fc_universitatea_cluj_stefan_lefter,fc_universitatea_cluj,FC Universitatea Cluj,fc_universitatea_cluj.png,1,Stefan Lefter,Goalkeeper,"Nov 18, 2004 (20)",Romania,€400k,fc_universitatea_cluj_stefan_lefter.png,Superliga,Romania
fc_universitatea_cluj_denis_moldovan,fc_universitatea_cluj,FC Universitatea Cluj,fc_universitatea_cluj.png,12,Denis Moldovan,Goalkeeper,"Oct 27, 2004 (20)",Romania,€50k,fc_universitatea_cluj_denis_moldovan.jpg,Superliga,Romania
fc_universitatea_cluj_lucas_masoero,fc_universitatea_cluj,FC Universitatea Cluj,fc_universitatea_cluj.png,5,Lucas Masoero,Centre-Back,"Feb 1, 1995 (30)",Argentina,€1.30m,fc_universitatea_cluj_lucas_masoero.png,Superliga,Romania
fc_universitatea_cluj_iulian_cristea,fc_universitatea_cluj,FC Universitatea Cluj,fc_universitatea_cluj.png,6,Iulian Cristea,Centre-Back,"Jul 17, 1994 (30)",Romania,€1.00m,fc_universitatea_cluj_iulian_cristea.png,Superliga,Romania
fc_universitatea_cluj_jasper_van_der_werff,fc_universitatea_cluj,FC Universitatea Cluj,fc_universitatea_cluj.png,16,Jasper van der Werff,Centre-Back,"Dec 9, 1998 (26)",Switzerland,€750k,fc_universitatea_cluj_jasper_van_der_werff.png,Superliga,Romania
fc_universitatea_cluj_bogdan_mitrea,fc_universitatea_cluj,FC Universitatea Cluj,fc_universitatea_cluj.png,3,Bogdan Mitrea,Centre-Back,"Sep 29, 1987 (37)",Romania,€200k,fc_universitatea_cluj_bogdan_mitrea.png,Superliga,Romania
fc_universitatea_cluj_alexandru_chipciu,fc_universitatea_cluj,FC Universitatea Cluj,fc_universitatea_cluj.png,27,Alexandru Chipciu,Left-Back,"May 18, 1989 (35)",Romania,€400k,fc_universitatea_cluj_alexandru_chipciu.png,Superliga,Romania
fc_universitatea_cluj_daniel_lasure,fc_universitatea_cluj,FC Universitatea Cluj,fc_universitatea_cluj.png,17,Daniel Lasure,Left-Back,"Feb 27, 1994 (31)",Spain,€200k,fc_universitatea_cluj_daniel_lasure.png,Superliga,Romania
fc_universitatea_cluj_radu_boboc,fc_universitatea_cluj,FC Universitatea Cluj,fc_universitatea_cluj.png,24,Radu Boboc,Right-Back,"Apr 24, 1999 (26)",Romania,€1.20m,fc_universitatea_cluj_radu_boboc.png,Superliga,Romania
fc_universitatea_cluj_dorinel_oancea,fc_universitatea_cluj,FC Universitatea Cluj,fc_universitatea_cluj.png,26,Dorinel Oancea,Right-Back,"Apr 2, 1997 (28)",Romania,€450k,fc_universitatea_cluj_dorinel_oancea.png,Superliga,Romania
fc_universitatea_cluj_ovidiu_popescu,fc_universitatea_cluj,FC Universitatea Cluj,fc_universitatea_cluj.png,23,Ovidiu Popescu,Defensive Midfield,"Feb 27, 1994 (31)",Romania,€900k,fc_universitatea_cluj_ovidiu_popescu.png,Superliga,Romania
fc_universitatea_cluj_gabriel_simion,fc_universitatea_cluj,FC Universitatea Cluj,fc_universitatea_cluj.png,98,Gabriel Simion,Defensive Midfield,"May 22, 1998 (26)",Romania,€800k,fc_universitatea_cluj_gabriel_simion.png,Superliga,Romania
fc_universitatea_cluj_razvan_oaida,fc_universitatea_cluj,FC Universitatea Cluj,fc_universitatea_cluj.png,4,Razvan Oaida,Defensive Midfield,"Mar 2, 1998 (27)",Romania,€700k,fc_universitatea_cluj_razvan_oaida.png,Superliga,Romania
fc_universitatea_cluj_andrei_artean,fc_universitatea_cluj,FC Universitatea Cluj,fc_universitatea_cluj.png,18,Andrei Artean,Defensive Midfield,"Aug 14, 1993 (31)",Romania,€700k,fc_universitatea_cluj_andrei_artean.png,Superliga,Romania
fc_universitatea_cluj_ovidiu_bic,fc_universitatea_cluj,FC Universitatea Cluj,fc_universitatea_cluj.png,94,Ovidiu Bic,Central Midfield,"Feb 23, 1994 (31)",Romania,€1.20m,fc_universitatea_cluj_ovidiu_bic.png,Superliga,Romania
fc_universitatea_cluj_vadim_rata,fc_universitatea_cluj,FC Universitatea Cluj,fc_universitatea_cluj.png,22,Vadim Rata,Central Midfield,"May 5, 1993 (31)",Moldova,€750k,fc_universitatea_cluj_vadim_rata.png,Superliga,Romania
fc_universitatea_cluj_dorin_codrea,fc_universitatea_cluj,FC Universitatea Cluj,fc_universitatea_cluj.png,8,Dorin Codrea,Central Midfield,"Jun 13, 1997 (27)",Romania,€450k,fc_universitatea_cluj_dorin_codrea.png,Superliga,Romania
fc_universitatea_cluj_dan_nistor,fc_universitatea_cluj,FC Universitatea Cluj,fc_universitatea_cluj.png,10,Dan Nistor,Central Midfield,"May 6, 1988 (36)",Romania,€400k,fc_universitatea_cluj_dan_nistor.png,Superliga,Romania
fc_universitatea_cluj_alexandru_bota,fc_universitatea_cluj,FC Universitatea Cluj,fc_universitatea_cluj.png,20,Alexandru Bota,Central Midfield,"Mar 31, 2008 (17)",Romania,€50k,fc_universitatea_cluj_alexandru_bota.png,Superliga,Romania
fc_universitatea_cluj_robert_silaghi,fc_universitatea_cluj,FC Universitatea Cluj,fc_universitatea_cluj.png,7,Robert Silaghi,Attacking Midfield,"Apr 2, 2002 (23)",Romania,€650k,fc_universitatea_cluj_robert_silaghi.png,Superliga,Romania
fc_universitatea_cluj_andrej_fabry,fc_universitatea_cluj,FC Universitatea Cluj,fc_universitatea_cluj.png,13,Andrej Fabry,Attacking Midfield,"Mar 1, 1997 (28)",Slovakia,€600k,fc_universitatea_cluj_andrej_fabry.png,Superliga,Romania
fc_universitatea_cluj_issouf_macalou,fc_universitatea_cluj,FC Universitatea Cluj,fc_universitatea_cluj.png,19,Issouf Macalou,Right Winger,"Dec 27, 1998 (26)",Cote d'Ivoire,€200k,fc_universitatea_cluj_issouf_macalou.png,Superliga,Romania
fc_universitatea_cluj_mamadou_thiam,fc_universitatea_cluj,FC Universitatea Cluj,fc_universitatea_cluj.png,93,Mamadou Thiam,Second Striker,"Mar 20, 1995 (30)",Senegal,€1.00m,fc_universitatea_cluj_mamadou_thiam.png,Superliga,Romania
fc_universitatea_cluj_vladislav_blanuta,fc_universitatea_cluj,FC Universitatea Cluj,fc_universitatea_cluj.png,77,Vladislav Blanuta,Centre-Forward,"Jan 12, 2002 (23)",Romania,€1.30m,fc_universitatea_cluj_vladislav_blanuta.png,Superliga,Romania
fc_universitatea_cluj_artur_miranyan,fc_universitatea_cluj,FC Universitatea Cluj,fc_universitatea_cluj.png,11,Artur Miranyan,Centre-Forward,"Dec 27, 1995 (29)",Armenia,€500k,fc_universitatea_cluj_artur_miranyan.png,Superliga,Romania
fc_universitatea_cluj_adel_bettaieb,fc_universitatea_cluj,FC Universitatea Cluj,fc_universitatea_cluj.png,9,Adel Bettaieb,Centre-Forward,"Jan 28, 1997 (28)",Tunisia,€300k,fc_universitatea_cluj_adel_bettaieb.png,Superliga,Romania
sepsi_osk_sf._gheorghe_roland_niczuly,sepsi_osk_sf._gheorghe,Sepsi OSK Sf. Gheorghe,sepsi_osk_sf._gheorghe.png,33,Roland Niczuly,Goalkeeper,"Sep 21, 1995 (29)",Romania,€850k,sepsi_osk_sf._gheorghe_roland_niczuly.png,Superliga,Romania
sepsi_osk_sf._gheorghe_szilard_gyenge,sepsi_osk_sf._gheorghe,Sepsi OSK Sf. Gheorghe,sepsi_osk_sf._gheorghe.png,31,Szilard Gyenge,Goalkeeper,"Feb 11, 2001 (24)",Romania,€250k,sepsi_osk_sf._gheorghe_szilard_gyenge.png,Superliga,Romania
sepsi_osk_sf._gheorghe_hunor_gedo,sepsi_osk_sf._gheorghe,Sepsi OSK Sf. Gheorghe,sepsi_osk_sf._gheorghe.png,98,Hunor Gedo,Goalkeeper,"Jan 16, 2004 (21)",Romania,€25k,sepsi_osk_sf._gheorghe_hunor_gedo.png,Superliga,Romania
sepsi_osk_sf._gheorghe_denis_harut,sepsi_osk_sf._gheorghe,Sepsi OSK Sf. Gheorghe,sepsi_osk_sf._gheorghe.png,4,Denis Harut,Centre-Back,"Feb 25, 1999 (26)",Romania,€900k,sepsi_osk_sf._gheorghe_denis_harut.png,Superliga,Romania
sepsi_osk_sf._gheorghe_branislav_ninaj,sepsi_osk_sf._gheorghe,Sepsi OSK Sf. Gheorghe,sepsi_osk_sf._gheorghe.png,82,Branislav Ninaj,Centre-Back,"May 17, 1994 (30)",Slovakia,€850k,sepsi_osk_sf._gheorghe_branislav_ninaj.png,Superliga,Romania
sepsi_osk_sf._gheorghe_matej_simic,sepsi_osk_sf._gheorghe,Sepsi OSK Sf. Gheorghe,sepsi_osk_sf._gheorghe.png,24,Matej Simic,Centre-Back,"Nov 29, 1995 (29)",Croatia,€500k,sepsi_osk_sf._gheorghe_matej_simic.png,Superliga,Romania
sepsi_osk_sf._gheorghe_mark_tamas,sepsi_osk_sf._gheorghe,Sepsi OSK Sf. Gheorghe,sepsi_osk_sf._gheorghe.png,44,Mark Tamas,Centre-Back,"Oct 28, 1993 (31)",Hungary,€300k,sepsi_osk_sf._gheorghe_mark_tamas.png,Superliga,Romania
sepsi_osk_sf._gheorghe_florin_stefan,sepsi_osk_sf._gheorghe,Sepsi OSK Sf. Gheorghe,sepsi_osk_sf._gheorghe.png,3,Florin Stefan,Left-Back,"May 9, 1996 (28)",Romania,€900k,sepsi_osk_sf._gheorghe_florin_stefan.png,Superliga,Romania
sepsi_osk_sf._gheorghe_andres_dumitrescu,sepsi_osk_sf._gheorghe,Sepsi OSK Sf. Gheorghe,sepsi_osk_sf._gheorghe.png,2,Andres Dumitrescu,Left-Back,"Mar 11, 2001 (24)",Romania,€800k,sepsi_osk_sf._gheorghe_andres_dumitrescu.png,Superliga,Romania
sepsi_osk_sf._gheorghe_bogdan_otelita,sepsi_osk_sf._gheorghe,Sepsi OSK Sf. Gheorghe,sepsi_osk_sf._gheorghe.png,25,Bogdan Otelita,Right-Back,"Aug 12, 2002 (22)",Romania,€550k,sepsi_osk_sf._gheorghe_bogdan_otelita.png,Superliga,Romania
sepsi_osk_sf._gheorghe_darius_oroian,sepsi_osk_sf._gheorghe,Sepsi OSK Sf. Gheorghe,sepsi_osk_sf._gheorghe.png,17,Darius Oroian,Right-Back,"Aug 1, 2003 (21)",Romania,€250k,sepsi_osk_sf._gheorghe_darius_oroian.png,Superliga,Romania
sepsi_osk_sf._gheorghe_davide_popsa,sepsi_osk_sf._gheorghe,Sepsi OSK Sf. Gheorghe,sepsi_osk_sf._gheorghe.png,27,Davide Popsa,Right-Back,"Jul 4, 2002 (22)",Romania,€150k,sepsi_osk_sf._gheorghe_davide_popsa.png,Superliga,Romania
sepsi_osk_sf._gheorghe_nicolae_paun,sepsi_osk_sf._gheorghe,Sepsi OSK Sf. Gheorghe,sepsi_osk_sf._gheorghe.png,-,Nicolae Paun,Defensive Midfield,"Jan 19, 1999 (26)",Romania,€850k,sepsi_osk_sf._gheorghe_nicolae_paun.png,Superliga,Romania
sepsi_osk_sf._gheorghe_sota_mino,sepsi_osk_sf._gheorghe,Sepsi OSK Sf. Gheorghe,sepsi_osk_sf._gheorghe.png,5,Sota Mino,Central Midfield,"Oct 20, 1994 (30)",Japan,€800k,sepsi_osk_sf._gheorghe_sota_mino.png,Superliga,Romania
sepsi_osk_sf._gheorghe_dino_skorup,sepsi_osk_sf._gheorghe,Sepsi OSK Sf. Gheorghe,sepsi_osk_sf._gheorghe.png,8,Dino Skorup,Central Midfield,"Oct 4, 1999 (25)",Croatia,€450k,sepsi_osk_sf._gheorghe_dino_skorup.jpg,Superliga,Romania
sepsi_osk_sf._gheorghe_david_siger,sepsi_osk_sf._gheorghe,Sepsi OSK Sf. Gheorghe,sepsi_osk_sf._gheorghe.png,18,David Siger,Central Midfield,"Nov 30, 1990 (34)",Hungary,€150k,sepsi_osk_sf._gheorghe_david_siger.png,Superliga,Romania
sepsi_osk_sf._gheorghe_akos_nistor,sepsi_osk_sf._gheorghe,Sepsi OSK Sf. Gheorghe,sepsi_osk_sf._gheorghe.png,30,Akos Nistor,Central Midfield,"Nov 20, 2004 (20)",Romania,€75k,sepsi_osk_sf._gheorghe_akos_nistor.png,Superliga,Romania
sepsi_osk_sf._gheorghe_sherif_kallaku,sepsi_osk_sf._gheorghe,Sepsi OSK Sf. Gheorghe,sepsi_osk_sf._gheorghe.png,59,Sherif Kallaku,Attacking Midfield,"Mar 1, 1998 (27)",Albania,€800k,sepsi_osk_sf._gheorghe_sherif_kallaku.png,Superliga,Romania
sepsi_osk_sf._gheorghe_cosmin_matei,sepsi_osk_sf._gheorghe,Sepsi OSK Sf. Gheorghe,sepsi_osk_sf._gheorghe.png,10,Cosmin Matei,Attacking Midfield,"Sep 30, 1991 (33)",Romania,€400k,sepsi_osk_sf._gheorghe_cosmin_matei.png,Superliga,Romania
sepsi_osk_sf._gheorghe_giovani_ghimfus,sepsi_osk_sf._gheorghe,Sepsi OSK Sf. Gheorghe,sepsi_osk_sf._gheorghe.png,19,Giovani Ghimfus,Attacking Midfield,"Jul 12, 2005 (19)",Romania,€200k,sepsi_osk_sf._gheorghe_giovani_ghimfus.jpg,Superliga,Romania
sepsi_osk_sf._gheorghe_marian_draghiceanu,sepsi_osk_sf._gheorghe,Sepsi OSK Sf. Gheorghe,sepsi_osk_sf._gheorghe.png,20,Marian Draghiceanu,Attacking Midfield,"Jul 7, 1999 (25)",Romania,€200k,sepsi_osk_sf._gheorghe_marian_draghiceanu.png,Superliga,Romania
sepsi_osk_sf._gheorghe_mihajlo_neskovic,sepsi_osk_sf._gheorghe,Sepsi OSK Sf. Gheorghe,sepsi_osk_sf._gheorghe.png,77,Mihajlo Neskovic,Left Winger,"Feb 9, 2000 (25)",Serbia,€650k,sepsi_osk_sf._gheorghe_mihajlo_neskovic.png,Superliga,Romania
sepsi_osk_sf._gheorghe_sebastian_mailat,sepsi_osk_sf._gheorghe,Sepsi OSK Sf. Gheorghe,sepsi_osk_sf._gheorghe.png,26,Sebastian Mailat,Left Winger,"Dec 12, 1997 (27)",Romania,€550k,sepsi_osk_sf._gheorghe_sebastian_mailat.png,Superliga,Romania
sepsi_osk_sf._gheorghe_omar_el_sawy,sepsi_osk_sf._gheorghe,Sepsi OSK Sf. Gheorghe,sepsi_osk_sf._gheorghe.png,7,Omar El Sawy,Right Winger,"Mar 16, 2004 (21)",Romania,€400k,sepsi_osk_sf._gheorghe_omar_el_sawy.png,Superliga,Romania
sepsi_osk_sf._gheorghe_raul_cimpean,sepsi_osk_sf._gheorghe,Sepsi OSK Sf. Gheorghe,sepsi_osk_sf._gheorghe.png,6,Raul Cimpean,Right Winger,"Oct 9, 2005 (19)",Romania,€50k,sepsi_osk_sf._gheorghe_raul_cimpean.jpg,Superliga,Romania
sepsi_osk_sf._gheorghe_gabriel_debeljuh,sepsi_osk_sf._gheorghe,Sepsi OSK Sf. Gheorghe,sepsi_osk_sf._gheorghe.png,22,Gabriel Debeljuh,Centre-Forward,"Sep 28, 1996 (28)",Croatia,€700k,sepsi_osk_sf._gheorghe_gabriel_debeljuh.png,Superliga,Romania
sepsi_osk_sf._gheorghe_marius_coman,sepsi_osk_sf._gheorghe,Sepsi OSK Sf. Gheorghe,sepsi_osk_sf._gheorghe.png,9,Marius Coman,Centre-Forward,"Jul 31, 1996 (28)",Romania,€550k,sepsi_osk_sf._gheorghe_marius_coman.png,Superliga,Romania
sepsi_osk_sf._gheorghe_dimitri_oberlin,sepsi_osk_sf._gheorghe,Sepsi OSK Sf. Gheorghe,sepsi_osk_sf._gheorghe.png,11,Dimitri Oberlin,Centre-Forward,"Sep 27, 1997 (27)",Switzerland,€450k,sepsi_osk_sf._gheorghe_dimitri_oberlin.png,Superliga,Romania
sepsi_osk_sf._gheorghe_dorian_babunski,sepsi_osk_sf._gheorghe,Sepsi OSK Sf. Gheorghe,sepsi_osk_sf._gheorghe.png,12,Dorian Babunski,Centre-Forward,"Aug 29, 1996 (28)",North Macedonia,€200k,sepsi_osk_sf._gheorghe_dorian_babunski.png,Superliga,Romania
fc_dinamo_1948_adnan_golubovic,fc_dinamo_1948,FC Dinamo 1948,fc_dinamo_1948.png,1,Adnan Golubovic,Goalkeeper,"Jul 22, 1995 (29)",Slovenia,€700k,fc_dinamo_1948_adnan_golubovic.png,Superliga,Romania
fc_dinamo_1948_alexandru_rosca,fc_dinamo_1948,FC Dinamo 1948,fc_dinamo_1948.png,73,Alexandru Rosca,Goalkeeper,"Nov 12, 2003 (21)",Romania,€450k,fc_dinamo_1948_alexandru_rosca.png,Superliga,Romania
fc_dinamo_1948_alexandru_stoian,fc_dinamo_1948,FC Dinamo 1948,fc_dinamo_1948.png,16,Alexandru Stoian,Goalkeeper,"Mar 12, 2005 (20)",Romania,€25k,fc_dinamo_1948_alexandru_stoian.png,Superliga,Romania
fc_dinamo_1948_kennedy_boateng,fc_dinamo_1948,FC Dinamo 1948,fc_dinamo_1948.png,4,Kennedy Boateng,Centre-Back,"Nov 29, 1996 (28)",Togo,€900k,fc_dinamo_1948_kennedy_boateng.png,Superliga,Romania
fc_dinamo_1948_josue_homawoo,fc_dinamo_1948,FC Dinamo 1948,fc_dinamo_1948.png,28,Josue Homawoo,Centre-Back,"Nov 12, 1997 (27)",Togo,€800k,fc_dinamo_1948_josue_homawoo.png,Superliga,Romania
fc_dinamo_1948_cristian_licsandru,fc_dinamo_1948,FC Dinamo 1948,fc_dinamo_1948.png,6,Cristian Licsandru,Centre-Back,"Mar 27, 2003 (22)",Romania,€250k,fc_dinamo_1948_cristian_licsandru.png,Superliga,Romania
fc_dinamo_1948_razvan_pascalau,fc_dinamo_1948,FC Dinamo 1948,fc_dinamo_1948.png,5,Razvan Pascalau,Centre-Back,"May 5, 2004 (20)",Romania,€50k,fc_dinamo_1948_razvan_pascalau.png,Superliga,Romania
fc_dinamo_1948_razvan_patriche,fc_dinamo_1948,FC Dinamo 1948,fc_dinamo_1948.png,23,Razvan Patriche,Centre-Back,"Apr 29, 1986 (38)",Romania,€50k,fc_dinamo_1948_razvan_patriche.png,Superliga,Romania
fc_dinamo_1948_raul_oprut,fc_dinamo_1948,FC Dinamo 1948,fc_dinamo_1948.png,3,Raul Oprut,Left-Back,"Jan 4, 1998 (27)",Romania,€1.00m,fc_dinamo_1948_raul_oprut.png,Superliga,Romania
fc_dinamo_1948_antonio_luna,fc_dinamo_1948,FC Dinamo 1948,fc_dinamo_1948.png,80,Antonio Luna,Left-Back,"Mar 17, 1991 (34)",Spain,€150k,fc_dinamo_1948_antonio_luna.jpg,Superliga,Romania
fc_dinamo_1948_maxime_sivis,fc_dinamo_1948,FC Dinamo 1948,fc_dinamo_1948.png,27,Maxime Sivis,Right-Back,"Apr 1, 1998 (27)",France,€700k,fc_dinamo_1948_maxime_sivis.png,Superliga,Romania
fc_dinamo_1948_cristian_costin,fc_dinamo_1948,FC Dinamo 1948,fc_dinamo_1948.png,98,Cristian Costin,Right-Back,"Jun 17, 1998 (26)",Romania,€550k,fc_dinamo_1948_cristian_costin.png,Superliga,Romania
fc_dinamo_1948_eddy_gnahore,fc_dinamo_1948,FC Dinamo 1948,fc_dinamo_1948.png,8,Eddy Gnahore,Defensive Midfield,"Nov 14, 1993 (31)",France,€750k,fc_dinamo_1948_eddy_gnahore.png,Superliga,Romania
fc_dinamo_1948_andrei_marginean,fc_dinamo_1948,FC Dinamo 1948,fc_dinamo_1948.png,90,Andrei Marginean,Defensive Midfield,"Jul 3, 2001 (23)",Romania,€250k,fc_dinamo_1948_andrei_marginean.png,Superliga,Romania
fc_dinamo_1948_catalin_cirjan,fc_dinamo_1948,FC Dinamo 1948,fc_dinamo_1948.png,10,Catalin Cirjan,Central Midfield,"Dec 1, 2002 (22)",Romania,€1.60m,fc_dinamo_1948_catalin_cirjan.png,Superliga,Romania
fc_dinamo_1948_georgi_milanov,fc_dinamo_1948,FC Dinamo 1948,fc_dinamo_1948.png,17,Georgi Milanov,Central Midfield,"Feb 19, 1992 (33)",Bulgaria,€550k,fc_dinamo_1948_georgi_milanov.png,Superliga,Romania
fc_dinamo_1948_casian_soare,fc_dinamo_1948,FC Dinamo 1948,fc_dinamo_1948.png,22,Casian Soare,Central Midfield,"Nov 24, 2006 (18)",Romania,€100k,fc_dinamo_1948_casian_soare.jpg,Superliga,Romania
fc_dinamo_1948_sanusi_hussaini,fc_dinamo_1948,FC Dinamo 1948,fc_dinamo_1948.png,-,Sanusi Hussaini,Right Midfield,"Jun 6, 2006 (18)",Nigeria,-,fc_dinamo_1948_sanusi_hussaini.jpg,Superliga,Romania
fc_dinamo_1948_patrick_olsen,fc_dinamo_1948,FC Dinamo 1948,fc_dinamo_1948.png,33,Patrick Olsen,Attacking Midfield,"Apr 23, 1994 (31)",Denmark,€850k,fc_dinamo_1948_patrick_olsen.png,Superliga,Romania
fc_dinamo_1948_peter_maapia,fc_dinamo_1948,FC Dinamo 1948,fc_dinamo_1948.png,-,Peter Maapia,Attacking Midfield,"Jan 6, 2006 (19)",Nigeria,-,fc_dinamo_1948_peter_maapia.jpg,Superliga,Romania
fc_dinamo_1948_dennis_politic,fc_dinamo_1948,FC Dinamo 1948,fc_dinamo_1948.png,7,Dennis Politic,Left Winger,"Mar 5, 2000 (25)",Romania,€1.20m,fc_dinamo_1948_dennis_politic.png,Superliga,Romania
fc_dinamo_1948_adrian_caragea,fc_dinamo_1948,FC Dinamo 1948,fc_dinamo_1948.png,24,Adrian Caragea,Left Winger,"Sep 7, 2005 (19)",Romania,€150k,fc_dinamo_1948_adrian_caragea.png,Superliga,Romania
fc_dinamo_1948_hakim_abdallah,fc_dinamo_1948,FC Dinamo 1948,fc_dinamo_1948.png,19,Hakim Abdallah,Right Winger,"Jan 9, 1998 (27)",Madagascar,€700k,fc_dinamo_1948_hakim_abdallah.png,Superliga,Romania
fc_dinamo_1948_astrit_selmani,fc_dinamo_1948,FC Dinamo 1948,fc_dinamo_1948.png,9,Astrit Selmani,Centre-Forward,"May 13, 1997 (27)",Kosovo,€1.40m,fc_dinamo_1948_astrit_selmani.png,Superliga,Romania
fc_dinamo_1948_alexandru_pop,fc_dinamo_1948,FC Dinamo 1948,fc_dinamo_1948.png,99,Alexandru Pop,Centre-Forward,"Feb 1, 2000 (25)",Romania,€1.20m,fc_dinamo_1948_alexandru_pop.png,Superliga,Romania
fc_dinamo_1948_stipe_perica,fc_dinamo_1948,FC Dinamo 1948,fc_dinamo_1948.png,18,Stipe Perica,Centre-Forward,"Jul 7, 1995 (29)",Croatia,€450k,fc_dinamo_1948_stipe_perica.png,Superliga,Romania
fc_dinamo_1948_raul_rotund,fc_dinamo_1948,FC Dinamo 1948,fc_dinamo_1948.png,30,Raul Rotund,Centre-Forward,"Nov 17, 2005 (19)",Romania,€100k,fc_dinamo_1948_raul_rotund.png,Superliga,Romania
fcv_farul_constanta_alexandru_buzbuchi,fcv_farul_constanta,FCV Farul Constanta,fcv_farul_constanta.png,1,Alexandru Buzbuchi,Goalkeeper,"Oct 31, 1993 (31)",Romania,€700k,fcv_farul_constanta_alexandru_buzbuchi.png,Superliga,Romania
fcv_farul_constanta_razvan_ducan,fcv_farul_constanta,FCV Farul Constanta,fcv_farul_constanta.png,68,Razvan Ducan,Goalkeeper,"Feb 9, 2001 (24)",Romania,€200k,fcv_farul_constanta_razvan_ducan.png,Superliga,Romania
fcv_farul_constanta_stefan_musat,fcv_farul_constanta,FCV Farul Constanta,fcv_farul_constanta.png,-,Stefan Musat,Goalkeeper,"Jan 17, 2001 (24)",Romania,€25k,fcv_farul_constanta_stefan_musat.png,Superliga,Romania
fcv_farul_constanta_gustavo_marins,fcv_farul_constanta,FCV Farul Constanta,fcv_farul_constanta.png,4,Gustavo Marins,Centre-Back,"Feb 11, 2002 (23)",Brazil,€650k,fcv_farul_constanta_gustavo_marins.png,Superliga,Romania
fcv_farul_constanta_mihai_balasa,fcv_farul_constanta,FCV Farul Constanta,fcv_farul_constanta.png,44,Mihai Balasa,Centre-Back,"Jan 14, 1995 (30)",Romania,€500k,fcv_farul_constanta_mihai_balasa.png,Superliga,Romania
fcv_farul_constanta_bogdan_tiru,fcv_farul_constanta,FCV Farul Constanta,fcv_farul_constanta.png,5,Bogdan Tiru,Centre-Back,"Mar 15, 1994 (31)",Romania,€200k,fcv_farul_constanta_bogdan_tiru.jpg,Superliga,Romania
fcv_farul_constanta_gabriel_buta,fcv_farul_constanta,FCV Farul Constanta,fcv_farul_constanta.png,16,Gabriel Buta,Centre-Back,"Jan 29, 2002 (23)",Romania,€100k,fcv_farul_constanta_gabriel_buta.png,Superliga,Romania
fcv_farul_constanta_ionut_larie,fcv_farul_constanta,FCV Farul Constanta,fcv_farul_constanta.png,17,Ionut Larie,Centre-Back,"Jan 16, 1987 (38)",Romania,€100k,fcv_farul_constanta_ionut_larie.png,Superliga,Romania
fcv_farul_constanta_horia_marin,fcv_farul_constanta,FCV Farul Constanta,fcv_farul_constanta.png,-,Horia Marin,Centre-Back,"Jan 16, 2004 (21)",Romania,€25k,fcv_farul_constanta_horia_marin.jpg,Superliga,Romania
fcv_farul_constanta_joao_ferreira,fcv_farul_constanta,FCV Farul Constanta,fcv_farul_constanta.png,45,Joao Ferreira,Centre-Back,"Aug 5, 2005 (19)",Brazil,-,fcv_farul_constanta_joao_ferreira.jpg,Superliga,Romania
fcv_farul_constanta_cristian_ganea,fcv_farul_constanta,FCV Farul Constanta,fcv_farul_constanta.png,11,Cristian Ganea,Left-Back,"May 24, 1992 (32)",Romania,€400k,fcv_farul_constanta_cristian_ganea.png,Superliga,Romania
fcv_farul_constanta_reginaldo,fcv_farul_constanta,FCV Farul Constanta,fcv_farul_constanta.png,3,Reginaldo,Left-Back,"Aug 17, 2001 (23)",Brazil,-,fcv_farul_constanta_reginaldo.jpg,Superliga,Romania
fcv_farul_constanta_dan_sirbu,fcv_farul_constanta,FCV Farul Constanta,fcv_farul_constanta.png,22,Dan Sirbu,Right-Back,"Apr 22, 2003 (22)",Romania,€700k,fcv_farul_constanta_dan_sirbu.png,Superliga,Romania
fcv_farul_constanta_fabinho,fcv_farul_constanta,FCV Farul Constanta,fcv_farul_constanta.png,2,Fabinho,Right-Back,"Mar 29, 2001 (24)",Portugal,€150k,fcv_farul_constanta_fabinho.jpg,Superliga,Romania
fcv_farul_constanta_victor_dican,fcv_farul_constanta,FCV Farul Constanta,fcv_farul_constanta.png,6,Victor Dican,Defensive Midfield,"Oct 11, 2000 (24)",Romania,€750k,fcv_farul_constanta_victor_dican.png,Superliga,Romania
fcv_farul_constanta_dragos_nedelcu,fcv_farul_constanta,FCV Farul Constanta,fcv_farul_constanta.png,14,Dragos Nedelcu,Defensive Midfield,"Feb 16, 1997 (28)",Romania,€500k,fcv_farul_constanta_dragos_nedelcu.png,Superliga,Romania
fcv_farul_constanta_nicolas_popescu,fcv_farul_constanta,FCV Farul Constanta,fcv_farul_constanta.png,80,Nicolas Popescu,Defensive Midfield,"Jan 2, 2003 (22)",Romania,€350k,fcv_farul_constanta_nicolas_popescu.png,Superliga,Romania
fcv_farul_constanta_luca_banu,fcv_farul_constanta,FCV Farul Constanta,fcv_farul_constanta.png,18,Luca Banu,Defensive Midfield,"Jan 31, 2005 (20)",Romania,€100k,fcv_farul_constanta_luca_banu.png,Superliga,Romania
fcv_farul_constanta_ionut_vina,fcv_farul_constanta,FCV Farul Constanta,fcv_farul_constanta.png,8,Ionut Vina,Central Midfield,"Feb 20, 1995 (30)",Romania,€700k,fcv_farul_constanta_ionut_vina.png,Superliga,Romania
fcv_farul_constanta_carlo_casap,fcv_farul_constanta,FCV Farul Constanta,fcv_farul_constanta.png,23,Carlo Casap,Central Midfield,"Dec 29, 1998 (26)",Romania,€400k,fcv_farul_constanta_carlo_casap.png,Superliga,Romania
fcv_farul_constanta_andrei_ciobanu,fcv_farul_constanta,FCV Farul Constanta,fcv_farul_constanta.png,77,Andrei Ciobanu,Central Midfield,"Jan 18, 1998 (27)",Romania,€250k,fcv_farul_constanta_andrei_ciobanu.png,Superliga,Romania
fcv_farul_constanta_eduard_radaslavescu,fcv_farul_constanta,FCV Farul Constanta,fcv_farul_constanta.png,20,Eduard Radaslavescu,Attacking Midfield,"Jul 30, 2004 (20)",Romania,€550k,fcv_farul_constanta_eduard_radaslavescu.png,Superliga,Romania
fcv_farul_constanta_luca_basceanu,fcv_farul_constanta,FCV Farul Constanta,fcv_farul_constanta.png,98,Luca Basceanu,Attacking Midfield,"May 17, 2006 (18)",Romania,-,fcv_farul_constanta_luca_basceanu.jpg,Superliga,Romania
fcv_farul_constanta_ionut_cojocaru,fcv_farul_constanta,FCV Farul Constanta,fcv_farul_constanta.png,9,Ionut Cojocaru,Left Winger,"Jul 28, 2003 (21)",Romania,€350k,fcv_farul_constanta_ionut_cojocaru.png,Superliga,Romania
fcv_farul_constanta_narek_grigoryan,fcv_farul_constanta,FCV Farul Constanta,fcv_farul_constanta.png,30,Narek Grigoryan,Right Winger,"Jun 17, 2001 (23)",Armenia,€700k,fcv_farul_constanta_narek_grigoryan.png,Superliga,Romania
fcv_farul_constanta_iustin_doicaru,fcv_farul_constanta,FCV Farul Constanta,fcv_farul_constanta.png,99,Iustin Doicaru,Right Winger,"Feb 7, 2007 (18)",Romania,€150k,fcv_farul_constanta_iustin_doicaru.png,Superliga,Romania
fcv_farul_constanta_denis_alibec,fcv_farul_constanta,FCV Farul Constanta,fcv_farul_constanta.png,7,Denis Alibec,Centre-Forward,"Jan 5, 1991 (34)",Romania,€700k,fcv_farul_constanta_denis_alibec.png,Superliga,Romania
fcv_farul_constanta_gabriel_iancu,fcv_farul_constanta,FCV Farul Constanta,fcv_farul_constanta.png,10,Gabriel Iancu,Centre-Forward,"Apr 15, 1994 (31)",Romania,€550k,fcv_farul_constanta_gabriel_iancu.png,Superliga,Romania
fcv_farul_constanta_daniel_kivinda,fcv_farul_constanta,FCV Farul Constanta,fcv_farul_constanta.png,97,Daniel Kivinda,Centre-Forward,"Aug 31, 2004 (20)",Ukraine,€250k,fcv_farul_constanta_daniel_kivinda.png,Superliga,Romania
fcv_farul_constanta_isaque_ferreira,fcv_farul_constanta,FCV Farul Constanta,fcv_farul_constanta.png,-,Isaque Ferreira,Centre-Forward,"Sep 13, 2006 (18)",Brazil,-,fcv_farul_constanta_isaque_ferreira.jpg,Superliga,Romania
petrolul_ploiesti_oscar_linner,petrolul_ploiesti,Petrolul Ploiesti,petrolul_ploiesti.png,34,Oscar Linner,Goalkeeper,"Feb 23, 1997 (28)",Sweden,€200k,petrolul_ploiesti_oscar_linner.jpg,Superliga,Romania
petrolul_ploiesti_raul_balbarau,petrolul_ploiesti,Petrolul Ploiesti,petrolul_ploiesti.png,1,Raul Balbarau,Goalkeeper,"Apr 7, 2001 (24)",Romania,€150k,petrolul_ploiesti_raul_balbarau.png,Superliga,Romania
petrolul_ploiesti_mihai_esanu,petrolul_ploiesti,Petrolul Ploiesti,petrolul_ploiesti.png,12,Mihai Esanu,Goalkeeper,"Jul 25, 1998 (26)",Romania,€100k,petrolul_ploiesti_mihai_esanu.png,Superliga,Romania
petrolul_ploiesti_marian_huja,petrolul_ploiesti,Petrolul Ploiesti,petrolul_ploiesti.png,2,Marian Huja,Centre-Back,"Aug 5, 1999 (25)",Portugal,€1.20m,petrolul_ploiesti_marian_huja.png,Superliga,Romania
petrolul_ploiesti_paul_papp,petrolul_ploiesti,Petrolul Ploiesti,petrolul_ploiesti.png,4,Paul Papp,Centre-Back,"Nov 11, 1989 (35)",Romania,€350k,petrolul_ploiesti_paul_papp.png,Superliga,Romania
petrolul_ploiesti_yohan_roche,petrolul_ploiesti,Petrolul Ploiesti,petrolul_ploiesti.png,69,Yohan Roche,Centre-Back,"Jul 7, 1997 (27)",Benin,€250k,petrolul_ploiesti_yohan_roche.png,Superliga,Romania
petrolul_ploiesti_alexandru_stanica,petrolul_ploiesti,Petrolul Ploiesti,petrolul_ploiesti.png,3,Alexandru Stanica,Centre-Back,"Sep 6, 2000 (24)",Romania,€200k,petrolul_ploiesti_alexandru_stanica.png,Superliga,Romania
petrolul_ploiesti_hasan_jahic,petrolul_ploiesti,Petrolul Ploiesti,petrolul_ploiesti.png,15,Hasan Jahic,Centre-Back,"Jul 30, 2001 (23)",Norway,€100k,petrolul_ploiesti_hasan_jahic.png,Superliga,Romania
petrolul_ploiesti_valentin_ticu,petrolul_ploiesti,Petrolul Ploiesti,petrolul_ploiesti.png,5,Valentin Ticu,Left-Back,"Sep 19, 2000 (24)",Romania,€700k,petrolul_ploiesti_valentin_ticu.png,Superliga,Romania
petrolul_ploiesti_ioan_tolea,petrolul_ploiesti,Petrolul Ploiesti,petrolul_ploiesti.png,30,Ioan Tolea,Left-Back,"May 11, 2003 (21)",Romania,€150k,petrolul_ploiesti_ioan_tolea.png,Superliga,Romania
petrolul_ploiesti_bogdan_marian,petrolul_ploiesti,Petrolul Ploiesti,petrolul_ploiesti.png,64,Bogdan Marian,Left-Back,"Dec 4, 2004 (20)",Romania,-,petrolul_ploiesti_bogdan_marian.jpg,Superliga,Romania
petrolul_ploiesti_ricardinho,petrolul_ploiesti,Petrolul Ploiesti,petrolul_ploiesti.png,24,Ricardinho,Right-Back,"Mar 24, 1994 (31)",Portugal,€650k,petrolul_ploiesti_ricardinho.png,Superliga,Romania
petrolul_ploiesti_denis_radu,petrolul_ploiesti,Petrolul Ploiesti,petrolul_ploiesti.png,22,Denis Radu,Right-Back,"Mar 25, 2003 (22)",Romania,€400k,petrolul_ploiesti_denis_radu.png,Superliga,Romania
petrolul_ploiesti_kilian_ludewig,petrolul_ploiesti,Petrolul Ploiesti,petrolul_ploiesti.png,29,Kilian Ludewig,Right-Back,"Mar 5, 2000 (25)",Germany,€200k,petrolul_ploiesti_kilian_ludewig.jpg,Superliga,Romania
petrolul_ploiesti_fabricio_baiano,petrolul_ploiesti,Petrolul Ploiesti,petrolul_ploiesti.png,27,Fabricio Baiano,Defensive Midfield,"Jun 13, 1992 (32)",Brazil,€200k,petrolul_ploiesti_fabricio_baiano.png,Superliga,Romania
petrolul_ploiesti_tommi_jyry,petrolul_ploiesti,Petrolul Ploiesti,petrolul_ploiesti.png,6,Tommi Jyry,Central Midfield,"Aug 16, 1999 (25)",Finland,€650k,petrolul_ploiesti_tommi_jyry.png,Superliga,Romania
petrolul_ploiesti_tidiane_keita,petrolul_ploiesti,Petrolul Ploiesti,petrolul_ploiesti.png,23,Tidiane Keita,Central Midfield,"Sep 18, 1996 (28)",France,€650k,petrolul_ploiesti_tidiane_keita.png,Superliga,Romania
petrolul_ploiesti_lucian_dumitriu,petrolul_ploiesti,Petrolul Ploiesti,petrolul_ploiesti.png,44,Lucian Dumitriu,Central Midfield,"Sep 21, 1992 (32)",Romania,€350k,petrolul_ploiesti_lucian_dumitriu.png,Superliga,Romania
petrolul_ploiesti_alexandru_mateiu,petrolul_ploiesti,Petrolul Ploiesti,petrolul_ploiesti.png,8,Alexandru Mateiu,Central Midfield,"Dec 10, 1989 (35)",Romania,€300k,petrolul_ploiesti_alexandru_mateiu.png,Superliga,Romania
petrolul_ploiesti_victor_stancovici,petrolul_ploiesti,Petrolul Ploiesti,petrolul_ploiesti.png,33,Victor Stancovici,Central Midfield,"Oct 26, 2005 (19)",Romania,€50k,petrolul_ploiesti_victor_stancovici.png,Superliga,Romania
petrolul_ploiesti_david_paraschiv,petrolul_ploiesti,Petrolul Ploiesti,petrolul_ploiesti.png,21,David Paraschiv,Central Midfield,"Sep 28, 2006 (18)",Romania,€25k,petrolul_ploiesti_david_paraschiv.png,Superliga,Romania
petrolul_ploiesti_sergiu_hanca,petrolul_ploiesti,Petrolul Ploiesti,petrolul_ploiesti.png,20,Sergiu Hanca,Right Midfield,"Apr 4, 1992 (33)",Romania,€350k,petrolul_ploiesti_sergiu_hanca.png,Superliga,Romania
petrolul_ploiesti_mario_bratu,petrolul_ploiesti,Petrolul Ploiesti,petrolul_ploiesti.png,10,Mario Bratu,Right Midfield,"Jun 7, 2002 (22)",Romania,€300k,petrolul_ploiesti_mario_bratu.png,Superliga,Romania
petrolul_ploiesti_gheorghe_grozav,petrolul_ploiesti,Petrolul Ploiesti,petrolul_ploiesti.png,7,Gheorghe Grozav,Left Winger,"Sep 29, 1990 (34)",Romania,€450k,petrolul_ploiesti_gheorghe_grozav.png,Superliga,Romania
petrolul_ploiesti_valentin_gheorghe,petrolul_ploiesti,Petrolul Ploiesti,petrolul_ploiesti.png,11,Valentin Gheorghe,Left Winger,"Feb 14, 1997 (28)",Romania,€450k,petrolul_ploiesti_valentin_gheorghe.png,Superliga,Romania
petrolul_ploiesti_alin_botogan,petrolul_ploiesti,Petrolul Ploiesti,petrolul_ploiesti.png,36,Alin Botogan,Left Winger,"Feb 21, 2004 (21)",Romania,€150k,petrolul_ploiesti_alin_botogan.png,Superliga,Romania
petrolul_ploiesti_mihnea_radulescu,petrolul_ploiesti,Petrolul Ploiesti,petrolul_ploiesti.png,17,Mihnea Radulescu,Right Winger,"Sep 17, 2005 (19)",Romania,€550k,petrolul_ploiesti_mihnea_radulescu.png,Superliga,Romania
petrolul_ploiesti_nana_akosah-bempah,petrolul_ploiesti,Petrolul Ploiesti,petrolul_ploiesti.png,14,Nana Akosah-Bempah,Centre-Forward,"Aug 29, 1997 (27)",United States,€300k,petrolul_ploiesti_nana_akosah-bempah.png,Superliga,Romania
petrolul_ploiesti_christian_irobiso,petrolul_ploiesti,Petrolul Ploiesti,petrolul_ploiesti.png,9,Christian Irobiso,Centre-Forward,"May 28, 1993 (31)",Nigeria,€200k,petrolul_ploiesti_christian_irobiso.png,Superliga,Romania
petrolul_ploiesti_ali_demirel,petrolul_ploiesti,Petrolul Ploiesti,petrolul_ploiesti.png,77,Ali Demirel,Centre-Forward,"Jan 2, 2003 (22)",Türkiye,€50k,petrolul_ploiesti_ali_demirel.jpg,Superliga,Romania
petrolul_ploiesti_iustin_raducan,petrolul_ploiesti,Petrolul Ploiesti,petrolul_ploiesti.png,90,Iustin Raducan,Centre-Forward,"Jul 20, 2005 (19)",Romania,€25k,petrolul_ploiesti_iustin_raducan.png,Superliga,Romania
petrolul_ploiesti_raul_bucur,petrolul_ploiesti,Petrolul Ploiesti,petrolul_ploiesti.png,99,Raul Bucur,Centre-Forward,"Dec 24, 2002 (22)",Romania,-,petrolul_ploiesti_raul_bucur.png,Superliga,Romania
fc_hermannstadt_catalin_cabuz,fc_hermannstadt,FC Hermannstadt,fc_hermannstadt.png,25,Catalin Cabuz,Goalkeeper,"Jun 18, 1996 (28)",Romania,€900k,fc_hermannstadt_catalin_cabuz.png,Superliga,Romania
fc_hermannstadt_vlad_mutiu,fc_hermannstadt,FC Hermannstadt,fc_hermannstadt.png,31,Vlad Mutiu,Goalkeeper,"Feb 2, 1995 (30)",Romania,€150k,fc_hermannstadt_vlad_mutiu.png,Superliga,Romania
fc_hermannstadt_ionut_pop,fc_hermannstadt,FC Hermannstadt,fc_hermannstadt.png,22,Ionut Pop,Goalkeeper,"Aug 1, 1997 (27)",Romania,€50k,fc_hermannstadt_ionut_pop.jpg,Superliga,Romania
fc_hermannstadt_vahid_selimovic,fc_hermannstadt,FC Hermannstadt,fc_hermannstadt.png,2,Vahid Selimovic,Centre-Back,"Apr 3, 1997 (28)",Luxembourg,€250k,fc_hermannstadt_vahid_selimovic.jpg,Superliga,Romania
fc_hermannstadt_florin_bejan,fc_hermannstadt,FC Hermannstadt,fc_hermannstadt.png,5,Florin Bejan,Centre-Back,"Mar 28, 1991 (34)",Romania,€200k,fc_hermannstadt_florin_bejan.png,Superliga,Romania
fc_hermannstadt_ionut_stoica,fc_hermannstadt,FC Hermannstadt,fc_hermannstadt.png,4,Ionut Stoica,Centre-Back,"Jan 6, 1988 (37)",Romania,€150k,fc_hermannstadt_ionut_stoica.png,Superliga,Romania
fc_hermannstadt_valerica_gaman,fc_hermannstadt,FC Hermannstadt,fc_hermannstadt.png,27,Valerica Gaman,Centre-Back,"Feb 25, 1989 (36)",Romania,€150k,fc_hermannstadt_valerica_gaman.png,Superliga,Romania
fc_hermannstadt_tiago_goncalves,fc_hermannstadt,FC Hermannstadt,fc_hermannstadt.png,15,Tiago Goncalves,Left-Back,"Aug 18, 2000 (24)",Portugal,€650k,fc_hermannstadt_tiago_goncalves.png,Superliga,Romania
fc_hermannstadt_tiberiu_capusa,fc_hermannstadt,FC Hermannstadt,fc_hermannstadt.png,66,Tiberiu Capusa,Right-Back,"Apr 6, 1998 (27)",Romania,€550k,fc_hermannstadt_tiberiu_capusa.png,Superliga,Romania
fc_hermannstadt_alexandru_oroian,fc_hermannstadt,FC Hermannstadt,fc_hermannstadt.png,51,Alexandru Oroian,Right-Back,"Jan 27, 2001 (24)",Romania,€450k,fc_hermannstadt_alexandru_oroian.png,Superliga,Romania
fc_hermannstadt_nana_antwi,fc_hermannstadt,FC Hermannstadt,fc_hermannstadt.png,30,Nana Antwi,Right-Back,"Aug 10, 2000 (24)",Ghana,€350k,fc_hermannstadt_nana_antwi.png,Superliga,Romania
fc_hermannstadt_alessandro_murgia,fc_hermannstadt,FC Hermannstadt,fc_hermannstadt.png,8,Alessandro Murgia,Central Midfield,"Aug 9, 1996 (28)",Italy,€900k,fc_hermannstadt_alessandro_murgia.png,Superliga,Romania
fc_hermannstadt_antoni_ivanov,fc_hermannstadt,FC Hermannstadt,fc_hermannstadt.png,24,Antoni Ivanov,Central Midfield,"Sep 11, 1995 (29)",Bulgaria,€700k,fc_hermannstadt_antoni_ivanov.png,Superliga,Romania
fc_hermannstadt_dragos_iancu,fc_hermannstadt,FC Hermannstadt,fc_hermannstadt.png,17,Dragos Iancu,Central Midfield,"Sep 29, 2002 (22)",Romania,€400k,fc_hermannstadt_dragos_iancu.png,Superliga,Romania
fc_hermannstadt_ciprian_biceanu,fc_hermannstadt,FC Hermannstadt,fc_hermannstadt.png,29,Ciprian Biceanu,Central Midfield,"Feb 26, 1994 (31)",Romania,€350k,fc_hermannstadt_ciprian_biceanu.png,Superliga,Romania
fc_hermannstadt_kalifa_kujabi,fc_hermannstadt,FC Hermannstadt,fc_hermannstadt.png,6,Kalifa Kujabi,Central Midfield,"Mar 5, 2000 (25)",The Gambia,€150k,fc_hermannstadt_kalifa_kujabi.jpg,Superliga,Romania
fc_hermannstadt_ianis_gandila,fc_hermannstadt,FC Hermannstadt,fc_hermannstadt.png,20,Ianis Gandila,Central Midfield,"Jan 16, 2006 (19)",Romania,€50k,fc_hermannstadt_ianis_gandila.jpg,Superliga,Romania
fc_hermannstadt_cristian_negut,fc_hermannstadt,FC Hermannstadt,fc_hermannstadt.png,10,Cristian Negut,Left Midfield,"Dec 9, 1995 (29)",Romania,€450k,fc_hermannstadt_cristian_negut.png,Superliga,Romania
fc_hermannstadt_ianis_stoica,fc_hermannstadt,FC Hermannstadt,fc_hermannstadt.png,7,Ianis Stoica,Left Winger,"Dec 8, 2002 (22)",Romania,€1.60m,fc_hermannstadt_ianis_stoica.png,Superliga,Romania
fc_hermannstadt_silviu_balaure,fc_hermannstadt,FC Hermannstadt,fc_hermannstadt.png,96,Silviu Balaure,Left Winger,"Feb 6, 1996 (29)",Romania,€600k,fc_hermannstadt_silviu_balaure.png,Superliga,Romania
fc_hermannstadt_robert_popescu,fc_hermannstadt,FC Hermannstadt,fc_hermannstadt.png,45,Robert Popescu,Left Winger,"Mar 9, 2003 (22)",Romania,€300k,fc_hermannstadt_robert_popescu.png,Superliga,Romania
fc_hermannstadt_ianis_mihart,fc_hermannstadt,FC Hermannstadt,fc_hermannstadt.png,23,Ianis Mihart,Left Winger,"Sep 23, 2004 (20)",Romania,€25k,fc_hermannstadt_ianis_mihart.jpg,Superliga,Romania
fc_hermannstadt_aurelian_chitu,fc_hermannstadt,FC Hermannstadt,fc_hermannstadt.png,9,Aurelian Chitu,Centre-Forward,"Mar 25, 1991 (34)",Romania,€400k,fc_hermannstadt_aurelian_chitu.png,Superliga,Romania
fc_hermannstadt_sergiu_bus,fc_hermannstadt,FC Hermannstadt,fc_hermannstadt.png,11,Sergiu Bus,Centre-Forward,"Nov 2, 1992 (32)",Romania,€225k,fc_hermannstadt_sergiu_bus.jpg,Superliga,Romania
sc_otelul_galati_iustin_popescu,sc_otelul_galati,SC Otelul Galati,sc_otelul_galati.png,32,Iustin Popescu,Goalkeeper,"Sep 1, 1993 (31)",Romania,€500k,sc_otelul_galati_iustin_popescu.png,Superliga,Romania
sc_otelul_galati_cosmin_dur-bozoanca,sc_otelul_galati,SC Otelul Galati,sc_otelul_galati.png,1,Cosmin Dur-Bozoanca,Goalkeeper,"Feb 15, 1998 (27)",Romania,€350k,sc_otelul_galati_cosmin_dur-bozoanca.png,Superliga,Romania
sc_otelul_galati_darius_paharnicu,sc_otelul_galati,SC Otelul Galati,sc_otelul_galati.png,12,Darius Paharnicu,Goalkeeper,"Apr 10, 2005 (20)",Romania,-,sc_otelul_galati_darius_paharnicu.jpg,Superliga,Romania
sc_otelul_galati_nikola_stevanovic,sc_otelul_galati,SC Otelul Galati,sc_otelul_galati.png,5,Nikola Stevanovic,Centre-Back,"Sep 13, 1998 (26)",Serbia,€650k,sc_otelul_galati_nikola_stevanovic.jpg,Superliga,Romania
sc_otelul_galati_jonathan_cisse,sc_otelul_galati,SC Otelul Galati,sc_otelul_galati.png,6,Jonathan Cisse,Centre-Back,"May 18, 1997 (27)",Cote d'Ivoire,€550k,sc_otelul_galati_jonathan_cisse.png,Superliga,Romania
sc_otelul_galati_martin_angha,sc_otelul_galati,SC Otelul Galati,sc_otelul_galati.png,4,Martin Angha,Centre-Back,"Jan 22, 1994 (31)",Switzerland,€400k,sc_otelul_galati_martin_angha.jpg,Superliga,Romania
sc_otelul_galati_julian_bonilla,sc_otelul_galati,SC Otelul Galati,sc_otelul_galati.png,3,Julian Bonilla,Centre-Back,"Nov 21, 1996 (28)",Colombia,€200k,sc_otelul_galati_julian_bonilla.jpg,Superliga,Romania
sc_otelul_galati_miguel_silva,sc_otelul_galati,SC Otelul Galati,sc_otelul_galati.png,28,Miguel Silva,Left-Back,"Dec 20, 1995 (29)",Portugal,€400k,sc_otelul_galati_miguel_silva.png,Superliga,Romania
sc_otelul_galati_alexandru_mituletu,sc_otelul_galati,SC Otelul Galati,sc_otelul_galati.png,16,Alexandru Mituletu,Left-Back,"Nov 11, 2003 (21)",Romania,-,sc_otelul_galati_alexandru_mituletu.jpg,Superliga,Romania
sc_otelul_galati_david_maftei,sc_otelul_galati,SC Otelul Galati,sc_otelul_galati.png,27,David Maftei,Right-Back,"Jul 12, 2004 (20)",Romania,€500k,sc_otelul_galati_david_maftei.png,Superliga,Romania
sc_otelul_galati_milen_zhelev,sc_otelul_galati,SC Otelul Galati,sc_otelul_galati.png,2,Milen Zhelev,Right-Back,"Jul 15, 1993 (31)",Bulgaria,€350k,sc_otelul_galati_milen_zhelev.png,Superliga,Romania
sc_otelul_galati_andrei_rus,sc_otelul_galati,SC Otelul Galati,sc_otelul_galati.png,14,Andrei Rus,Right-Back,"May 14, 2002 (22)",Romania,€300k,sc_otelul_galati_andrei_rus.png,Superliga,Romania
sc_otelul_galati_joao_lameira,sc_otelul_galati,SC Otelul Galati,sc_otelul_galati.png,66,Joao Lameira,Defensive Midfield,"Apr 19, 1999 (26)",Portugal,€700k,sc_otelul_galati_joao_lameira.png,Superliga,Romania
sc_otelul_galati_diego_zivulic,sc_otelul_galati,SC Otelul Galati,sc_otelul_galati.png,31,Diego Zivulic,Defensive Midfield,"Mar 23, 1992 (33)",Croatia,€300k,sc_otelul_galati_diego_zivulic.png,Superliga,Romania
sc_otelul_galati_ionut_neagu,sc_otelul_galati,SC Otelul Galati,sc_otelul_galati.png,8,Ionut Neagu,Defensive Midfield,"Oct 26, 1989 (35)",Romania,€25k,sc_otelul_galati_ionut_neagu.png,Superliga,Romania
sc_otelul_galati_samuel_teles,sc_otelul_galati,SC Otelul Galati,sc_otelul_galati.png,21,Samuel Teles,Central Midfield,"Feb 28, 1997 (28)",Portugal,€500k,sc_otelul_galati_samuel_teles.png,Superliga,Romania
sc_otelul_galati_nelut_rosu,sc_otelul_galati,SC Otelul Galati,sc_otelul_galati.png,20,Nelut Rosu,Central Midfield,"Jul 5, 1993 (31)",Romania,€100k,sc_otelul_galati_nelut_rosu.png,Superliga,Romania
sc_otelul_galati_cristian_chira,sc_otelul_galati,SC Otelul Galati,sc_otelul_galati.png,23,Cristian Chira,Central Midfield,"Nov 8, 2001 (23)",Romania,€100k,sc_otelul_galati_cristian_chira.jpg,Superliga,Romania
sc_otelul_galati_samy_bourard,sc_otelul_galati,SC Otelul Galati,sc_otelul_galati.png,10,Samy Bourard,Attacking Midfield,"Mar 29, 1996 (29)",Belgium,€300k,sc_otelul_galati_samy_bourard.jpg,Superliga,Romania
sc_otelul_galati_razvan_tanasa,sc_otelul_galati,SC Otelul Galati,sc_otelul_galati.png,17,Razvan Tanasa,Left Winger,"Apr 28, 2003 (21)",Romania,€400k,sc_otelul_galati_razvan_tanasa.png,Superliga,Romania
sc_otelul_galati_alexandru_burcea,sc_otelul_galati,SC Otelul Galati,sc_otelul_galati.png,11,Alexandru Burcea,Left Winger,"Jan 27, 2005 (20)",Romania,€125k,sc_otelul_galati_alexandru_burcea.jpg,Superliga,Romania
sc_otelul_galati_frederic_maciel,sc_otelul_galati,SC Otelul Galati,sc_otelul_galati.png,7,Frederic Maciel,Right Winger,"Mar 15, 1994 (31)",Portugal,€800k,sc_otelul_galati_frederic_maciel.png,Superliga,Romania
sc_otelul_galati_andrei_bani,sc_otelul_galati,SC Otelul Galati,sc_otelul_galati.png,22,Andrei Bani,Right Winger,"Aug 22, 2002 (22)",Romania,€500k,sc_otelul_galati_andrei_bani.png,Superliga,Romania
sc_otelul_galati_maxim_cojocaru,sc_otelul_galati,SC Otelul Galati,sc_otelul_galati.png,19,Maxim Cojocaru,Right Winger,"Jan 13, 1998 (27)",Moldova,€250k,sc_otelul_galati_maxim_cojocaru.png,Superliga,Romania
sc_otelul_galati_jovan_markovic,sc_otelul_galati,SC Otelul Galati,sc_otelul_galati.png,59,Jovan Markovic,Centre-Forward,"Mar 23, 2001 (24)",Romania,€650k,sc_otelul_galati_jovan_markovic.png,Superliga,Romania
sc_otelul_galati_erik_bicfalvi,sc_otelul_galati,SC Otelul Galati,sc_otelul_galati.png,55,Erik Bicfalvi,Centre-Forward,"Feb 5, 1988 (37)",Romania,€300k,sc_otelul_galati_erik_bicfalvi.png,Superliga,Romania
sc_otelul_galati_alexandru_stan,sc_otelul_galati,SC Otelul Galati,sc_otelul_galati.png,9,Alexandru Stan,Centre-Forward,"Sep 25, 2005 (19)",Romania,€200k,sc_otelul_galati_alexandru_stan.png,Superliga,Romania
sc_otelul_galati_luca_andronache,sc_otelul_galati,SC Otelul Galati,sc_otelul_galati.png,77,Luca Andronache,Centre-Forward,"Jul 26, 2003 (21)",Romania,€100k,sc_otelul_galati_luca_andronache.png,Superliga,Romania
sc_otelul_galati_stiven_plaza,sc_otelul_galati,SC Otelul Galati,sc_otelul_galati.png,91,Stiven Plaza,Centre-Forward,"Mar 11, 1999 (26)",Ecuador,€100k,sc_otelul_galati_stiven_plaza.jpeg,Superliga,Romania
sc_otelul_galati_albert_hofman,sc_otelul_galati,SC Otelul Galati,sc_otelul_galati.png,97,Albert Hofman,Centre-Forward,"Apr 10, 2003 (22)",Romania,€50k,sc_otelul_galati_albert_hofman.png,Superliga,Romania
fc_botosani_giannis_anestis,fc_botosani,FC Botosani,fc_botosani.png,99,Giannis Anestis,Goalkeeper,"Mar 9, 1991 (34)",Greece,€300k,fc_botosani_giannis_anestis.jpg,Superliga,Romania
fc_botosani_luka_kukic,fc_botosani,FC Botosani,fc_botosani.png,1,Luka Kukic,Goalkeeper,"May 16, 1996 (28)",Bosnia-Herzegovina,€250k,fc_botosani_luka_kukic.png,Superliga,Romania
fc_botosani_paul_iacob,fc_botosani,FC Botosani,fc_botosani.png,66,Paul Iacob,Centre-Back,"Jun 21, 1996 (28)",Romania,€900k,fc_botosani_paul_iacob.png,Superliga,Romania
fc_botosani_rijad_sadiku,fc_botosani,FC Botosani,fc_botosani.png,44,Rijad Sadiku,Centre-Back,"Jan 18, 2000 (25)",Bosnia-Herzegovina,€550k,fc_botosani_rijad_sadiku.png,Superliga,Romania
fc_botosani_andrei_miron,fc_botosani,FC Botosani,fc_botosani.png,4,Andrei Miron,Centre-Back,"May 28, 1994 (30)",Romania,€450k,fc_botosani_andrei_miron.png,Superliga,Romania
fc_botosani_patricio_matricardi,fc_botosani,FC Botosani,fc_botosani.png,5,Patricio Matricardi,Centre-Back,"Jan 7, 1994 (31)",Argentina,€400k,fc_botosani_patricio_matricardi.png,Superliga,Romania
fc_botosani_daniel_celea,fc_botosani,FC Botosani,fc_botosani.png,6,Daniel Celea,Centre-Back,"Jul 6, 1995 (29)",Romania,€100k,fc_botosani_daniel_celea.png,Superliga,Romania
fc_botosani_alin_seroni,fc_botosani,FC Botosani,fc_botosani.png,32,Alin Seroni,Centre-Back,"Mar 26, 1987 (38)",Romania,€50k,fc_botosani_alin_seroni.png,Superliga,Romania
fc_botosani_luca_popa,fc_botosani,FC Botosani,fc_botosani.png,-,Luca Popa,Centre-Back,"Dec 14, 2005 (19)",Romania,-,fc_botosani_luca_popa.jpg,Superliga,Romania
fc_botosani_michael_pavlovic,fc_botosani,FC Botosani,fc_botosani.png,3,Michael Pavlovic,Left-Back,"Jun 12, 2001 (23)",Slovenia,€550k,fc_botosani_michael_pavlovic.png,Superliga,Romania
fc_botosani_alexandru_tiganasu,fc_botosani,FC Botosani,fc_botosani.png,30,Alexandru Tiganasu,Left-Back,"Jun 12, 1990 (34)",Romania,€150k,fc_botosani_alexandru_tiganasu.png,Superliga,Romania
fc_botosani_adams_friday,fc_botosani,FC Botosani,fc_botosani.png,12,Adams Friday,Right-Back,"Nov 23, 2002 (22)",Nigeria,€400k,fc_botosani_adams_friday.png,Superliga,Romania
fc_botosani_ale_diez,fc_botosani,FC Botosani,fc_botosani.png,2,Ale Diez,Right-Back,"Feb 17, 1996 (29)",Spain,€300k,fc_botosani_ale_diez.png,Superliga,Romania
fc_botosani_romario_benzar,fc_botosani,FC Botosani,fc_botosani.png,20,Romario Benzar,Right-Back,"Mar 26, 1992 (33)",Romania,€100k,fc_botosani_romario_benzar.png,Superliga,Romania
fc_botosani_alexandru_albu,fc_botosani,FC Botosani,fc_botosani.png,-,Alexandru Albu,Defensive Midfield,"Aug 17, 1993 (31)",Romania,€500k,fc_botosani_alexandru_albu.png,Superliga,Romania
fc_botosani_aldair_ferreira,fc_botosani,FC Botosani,fc_botosani.png,83,Aldair Ferreira,Defensive Midfield,"Mar 26, 1998 (27)",Angola,€500k,fc_botosani_aldair_ferreira.png,Superliga,Romania
fc_botosani_charles_petro,fc_botosani,FC Botosani,fc_botosani.png,28,Charles Petro,Defensive Midfield,"Feb 8, 2001 (24)",Malawi,€300k,fc_botosani_charles_petro.png,Superliga,Romania
fc_botosani_gabriel_david,fc_botosani,FC Botosani,fc_botosani.png,33,Gabriel David,Central Midfield,"Feb 11, 2003 (22)",Romania,€400k,fc_botosani_gabriel_david.png,Superliga,Romania
fc_botosani_enriko_papa,fc_botosani,FC Botosani,fc_botosani.png,67,Enriko Papa,Central Midfield,"Mar 12, 1993 (32)",Albania,€300k,fc_botosani_enriko_papa.jpg,Superliga,Romania
fc_botosani_robert_filip,fc_botosani,FC Botosani,fc_botosani.png,8,Robert Filip,Central Midfield,"Mar 2, 2002 (23)",Romania,€200k,fc_botosani_robert_filip.png,Superliga,Romania
fc_botosani_francisco_junior,fc_botosani,FC Botosani,fc_botosani.png,22,Francisco Junior,Central Midfield,"Jan 18, 1992 (33)",Guinea-Bissau,€150k,fc_botosani_francisco_junior.png,Superliga,Romania
fc_botosani_darius_pascalau,fc_botosani,FC Botosani,fc_botosani.png,-,Darius Pascalau,Central Midfield,"Mar 19, 2006 (19)",Romania,-,fc_botosani_darius_pascalau.jpg,Superliga,Romania
fc_botosani_george_sorodoc,fc_botosani,FC Botosani,fc_botosani.png,27,George Sorodoc,Central Midfield,"May 27, 2006 (18)",Romania,-,fc_botosani_george_sorodoc.jpg,Superliga,Romania
fc_botosani_hervin_ongenda,fc_botosani,FC Botosani,fc_botosani.png,26,Hervin Ongenda,Attacking Midfield,"Jun 24, 1995 (29)",France,€300k,fc_botosani_hervin_ongenda.png,Superliga,Romania
fc_botosani_stefan_panoiu,fc_botosani,FC Botosani,fc_botosani.png,17,Stefan Panoiu,Attacking Midfield,"Sep 23, 2002 (22)",Romania,€200k,fc_botosani_stefan_panoiu.png,Superliga,Romania
fc_botosani_stefan_bodisteanu,fc_botosani,FC Botosani,fc_botosani.png,7,Stefan Bodisteanu,Left Winger,"Feb 1, 2003 (22)",Moldova,€550k,fc_botosani_stefan_bodisteanu.png,Superliga,Romania
fc_botosani_zoran_mitrov,fc_botosani,FC Botosani,fc_botosani.png,11,Zoran Mitrov,Left Winger,"Jan 29, 2002 (23)",Romania,€450k,fc_botosani_zoran_mitrov.png,Superliga,Romania
fc_botosani_alexandru_cimpanu,fc_botosani,FC Botosani,fc_botosani.png,10,Alexandru Cimpanu,Right Winger,"Oct 8, 2000 (24)",Romania,€350k,fc_botosani_alexandru_cimpanu.png,Superliga,Romania
fc_botosani_jaly_mouaddib,fc_botosani,FC Botosani,fc_botosani.png,64,Jaly Mouaddib,Right Winger,"Nov 18, 2000 (24)",France,€200k,fc_botosani_jaly_mouaddib.png,Superliga,Romania
fc_botosani_george_gligor,fc_botosani,FC Botosani,fc_botosani.png,70,George Gligor,Right Winger,"Dec 13, 2004 (20)",Romania,€25k,fc_botosani_george_gligor.jpg,Superliga,Romania
fc_botosani_enzo_lopez,fc_botosani,FC Botosani,fc_botosani.png,9,Enzo Lopez,Centre-Forward,"Mar 10, 1998 (27)",Argentina,€500k,fc_botosani_enzo_lopez.png,Superliga,Romania
fc_botosani_adi_chica-rosa,fc_botosani,FC Botosani,fc_botosani.png,29,Adi Chica-Rosa,Centre-Forward,"Sep 8, 1998 (26)",Romania,€450k,fc_botosani_adi_chica-rosa.png,Superliga,Romania
acsm_politehnica_iasi_ionut_ailenei,acsm_politehnica_iasi,ACSM Politehnica Iasi,acsm_politehnica_iasi.png,1,Ionut Ailenei,Goalkeeper,"Jan 30, 2001 (24)",Romania,€200k,acsm_politehnica_iasi_ionut_ailenei.jpg,Superliga,Romania
acsm_politehnica_iasi_jesus_fernandez,acsm_politehnica_iasi,ACSM Politehnica Iasi,acsm_politehnica_iasi.png,88,Jesus Fernandez,Goalkeeper,"Jun 11, 1988 (36)",Spain,€150k,acsm_politehnica_iasi_jesus_fernandez.png,Superliga,Romania
acsm_politehnica_iasi_toma_niga,acsm_politehnica_iasi,ACSM Politehnica Iasi,acsm_politehnica_iasi.png,12,Toma Niga,Goalkeeper,"Aug 15, 1997 (27)",Romania,€50k,acsm_politehnica_iasi_toma_niga.png,Superliga,Romania
acsm_politehnica_iasi_guilherme,acsm_politehnica_iasi,ACSM Politehnica Iasi,acsm_politehnica_iasi.png,42,Guilherme,Centre-Back,"Feb 8, 2001 (24)",Portugal,€600k,acsm_politehnica_iasi_guilherme.png,Superliga,Romania
acsm_politehnica_iasi_nicolas_samayoa,acsm_politehnica_iasi,ACSM Politehnica Iasi,acsm_politehnica_iasi.png,3,Nicolas Samayoa,Centre-Back,"Aug 2, 1995 (29)",Guatemala,€550k,acsm_politehnica_iasi_nicolas_samayoa.png,Superliga,Romania
acsm_politehnica_iasi_matija_boben,acsm_politehnica_iasi,ACSM Politehnica Iasi,acsm_politehnica_iasi.png,6,Matija Boben,Centre-Back,"Feb 26, 1994 (31)",Slovenia,€500k,acsm_politehnica_iasi_matija_boben.png,Superliga,Romania
acsm_politehnica_iasi_claudio_silva,acsm_politehnica_iasi,ACSM Politehnica Iasi,acsm_politehnica_iasi.png,4,Claudio Silva,Centre-Back,"Jun 29, 2000 (24)",Portugal,€350k,acsm_politehnica_iasi_claudio_silva.jpg,Superliga,Romania
acsm_politehnica_iasi_mohammed_umar,acsm_politehnica_iasi,ACSM Politehnica Iasi,acsm_politehnica_iasi.png,2,Mohammed Umar,Centre-Back,"Dec 11, 2002 (22)",Ghana,€100k,acsm_politehnica_iasi_mohammed_umar.jpg,Superliga,Romania
acsm_politehnica_iasi_stefan_stefanovici,acsm_politehnica_iasi,ACSM Politehnica Iasi,acsm_politehnica_iasi.png,20,Stefan Stefanovici,Left-Back,"Feb 20, 2002 (23)",Romania,€450k,acsm_politehnica_iasi_stefan_stefanovici.png,Superliga,Romania
acsm_politehnica_iasi_rares_ispas,acsm_politehnica_iasi,ACSM Politehnica Iasi,acsm_politehnica_iasi.png,27,Rares Ispas,Left-Back,"Aug 26, 2000 (24)",Romania,€450k,acsm_politehnica_iasi_rares_ispas.jpg,Superliga,Romania
acsm_politehnica_iasi_catalin_cret,acsm_politehnica_iasi,ACSM Politehnica Iasi,acsm_politehnica_iasi.png,13,Catalin Cret,Left-Back,"Jul 1, 1999 (25)",Romania,-,acsm_politehnica_iasi_catalin_cret.jpg,Superliga,Romania
acsm_politehnica_iasi_mihai_adascalitei,acsm_politehnica_iasi,ACSM Politehnica Iasi,acsm_politehnica_iasi.png,26,Mihai Adascalitei,Right-Back,"Nov 1, 1994 (30)",Romania,€400k,acsm_politehnica_iasi_mihai_adascalitei.png,Superliga,Romania
acsm_politehnica_iasi_samuel_oum_gouet,acsm_politehnica_iasi,ACSM Politehnica Iasi,acsm_politehnica_iasi.png,5,Samuel Oum Gouet,Defensive Midfield,"Dec 14, 1997 (27)",Cameroon,€400k,acsm_politehnica_iasi_samuel_oum_gouet.jpg,Superliga,Romania
acsm_politehnica_iasi_dudu_nardini,acsm_politehnica_iasi,ACSM Politehnica Iasi,acsm_politehnica_iasi.png,8,Dudu Nardini,Defensive Midfield,"Jul 21, 1997 (27)",Brazil,€300k,acsm_politehnica_iasi_dudu_nardini.jpg,Superliga,Romania
acsm_politehnica_iasi_mihai_bordeianu,acsm_politehnica_iasi,ACSM Politehnica Iasi,acsm_politehnica_iasi.png,37,Mihai Bordeianu,Central Midfield,"Nov 18, 1991 (33)",Romania,€350k,acsm_politehnica_iasi_mihai_bordeianu.png,Superliga,Romania
acsm_politehnica_iasi_julian_marchioni,acsm_politehnica_iasi,ACSM Politehnica Iasi,acsm_politehnica_iasi.png,24,Julian Marchioni,Central Midfield,"Mar 11, 1993 (32)",Argentina,€250k,acsm_politehnica_iasi_julian_marchioni.png,Superliga,Romania
acsm_politehnica_iasi_diego_farcas,acsm_politehnica_iasi,ACSM Politehnica Iasi,acsm_politehnica_iasi.png,-,Diego Farcas,Central Midfield,"Nov 20, 2005 (19)",Romania,€25k,acsm_politehnica_iasi_diego_farcas.png,Superliga,Romania
acsm_politehnica_iasi_denis_ciobanu,acsm_politehnica_iasi,ACSM Politehnica Iasi,acsm_politehnica_iasi.png,77,Denis Ciobanu,Central Midfield,"May 24, 2004 (20)",Romania,€25k,acsm_politehnica_iasi_denis_ciobanu.jpg,Superliga,Romania
acsm_politehnica_iasi_vlad_ilie,acsm_politehnica_iasi,ACSM Politehnica Iasi,acsm_politehnica_iasi.png,98,Vlad Ilie,Central Midfield,"Apr 17, 2008 (17)",Romania,-,acsm_politehnica_iasi_vlad_ilie.png,Superliga,Romania
acsm_politehnica_iasi_mursal_banse,acsm_politehnica_iasi,ACSM Politehnica Iasi,acsm_politehnica_iasi.png,-,Mursal Banse,Left Midfield,"Oct 11, 2006 (18)",Italy,€10k,acsm_politehnica_iasi_mursal_banse.jpg,Superliga,Romania
acsm_politehnica_iasi_alin_roman,acsm_politehnica_iasi,ACSM Politehnica Iasi,acsm_politehnica_iasi.png,10,Alin Roman,Attacking Midfield,"Jan 27, 1994 (31)",Romania,€650k,acsm_politehnica_iasi_alin_roman.png,Superliga,Romania
acsm_politehnica_iasi_joao_amaral,acsm_politehnica_iasi,ACSM Politehnica Iasi,acsm_politehnica_iasi.png,7,Joao Amaral,Attacking Midfield,"Sep 7, 1991 (33)",Portugal,€300k,acsm_politehnica_iasi_joao_amaral.png,Superliga,Romania
acsm_politehnica_iasi_romario_moise,acsm_politehnica_iasi,ACSM Politehnica Iasi,acsm_politehnica_iasi.png,80,Romario Moise,Attacking Midfield,"Sep 21, 1996 (28)",Romania,€50k,acsm_politehnica_iasi_romario_moise.png,Superliga,Romania
acsm_politehnica_iasi_valentin_borcea,acsm_politehnica_iasi,ACSM Politehnica Iasi,acsm_politehnica_iasi.png,14,Valentin Borcea,Attacking Midfield,"Jul 6, 2002 (22)",Romania,€25k,acsm_politehnica_iasi_valentin_borcea.png,Superliga,Romania
acsm_politehnica_iasi_matei_tanasa,acsm_politehnica_iasi,ACSM Politehnica Iasi,acsm_politehnica_iasi.png,21,Matei Tanasa,Left Winger,"Oct 8, 2005 (19)",Romania,€150k,acsm_politehnica_iasi_matei_tanasa.png,Superliga,Romania
acsm_politehnica_iasi_tailson,acsm_politehnica_iasi,ACSM Politehnica Iasi,acsm_politehnica_iasi.png,99,Tailson,Right Winger,"Mar 5, 1999 (26)",Brazil,€400k,acsm_politehnica_iasi_tailson.jpg,Superliga,Romania
acsm_politehnica_iasi_adama_diakhaby,acsm_politehnica_iasi,ACSM Politehnica Iasi,acsm_politehnica_iasi.png,11,Adama Diakhaby,Right Winger,"Jul 5, 1996 (28)",France,€300k,acsm_politehnica_iasi_adama_diakhaby.png,Superliga,Romania
acsm_politehnica_iasi_antonio_bordusanu,acsm_politehnica_iasi,ACSM Politehnica Iasi,acsm_politehnica_iasi.png,30,Antonio Bordusanu,Right Winger,"Aug 10, 2004 (20)",Romania,€300k,acsm_politehnica_iasi_antonio_bordusanu.png,Superliga,Romania
acsm_politehnica_iasi_sekou_camara,acsm_politehnica_iasi,ACSM Politehnica Iasi,acsm_politehnica_iasi.png,19,Sekou Camara,Centre-Forward,"Jul 20, 1997 (27)",Guinea,€250k,acsm_politehnica_iasi_sekou_camara.png,Superliga,Romania
acsm_politehnica_iasi_xhuliano_skuka,acsm_politehnica_iasi,ACSM Politehnica Iasi,acsm_politehnica_iasi.png,9,Xhuliano Skuka,Centre-Forward,"Aug 2, 1998 (26)",Albania,€200k,acsm_politehnica_iasi_xhuliano_skuka.jpeg,Superliga,Romania
fc_buzau_alexandru_greab,fc_buzau,FC Buzău,fc_buzau.png,12,Alexandru Greab,Goalkeeper,"May 26, 1992 (32)",Romania,€300k,fc_buzau_alexandru_greab.JPG,Superliga,Romania
fc_buzau_dorian_railean,fc_buzau,FC Buzău,fc_buzau.png,39,Dorian Railean,Goalkeeper,"Oct 13, 1993 (31)",Moldova,€250k,fc_buzau_dorian_railean.png,Superliga,Romania
fc_buzau_david_lazar,fc_buzau,FC Buzău,fc_buzau.png,1,David Lazar,Goalkeeper,"Aug 8, 1991 (33)",Romania,€200k,fc_buzau_david_lazar.png,Superliga,Romania
fc_buzau_dragos_horeboiu,fc_buzau,FC Buzău,fc_buzau.png,29,Dragos Horeboiu,Goalkeeper,"Sep 5, 2002 (22)",Romania,€10k,fc_buzau_dragos_horeboiu.jpg,Superliga,Romania
fc_buzau_grigore_turda,fc_buzau,FC Buzău,fc_buzau.png,5,Grigore Turda,Centre-Back,"Jul 24, 1997 (27)",Romania,€500k,fc_buzau_grigore_turda.JPG,Superliga,Romania
fc_buzau_alin_dobrosavlevici,fc_buzau,FC Buzău,fc_buzau.png,21,Alin Dobrosavlevici,Centre-Back,"Oct 24, 1994 (30)",Romania,€300k,fc_buzau_alin_dobrosavlevici.JPG,Superliga,Romania
fc_buzau_dragan_lovric,fc_buzau,FC Buzău,fc_buzau.png,25,Dragan Lovric,Centre-Back,"Jan 3, 1996 (29)",Croatia,€300k,fc_buzau_dragan_lovric.png,Superliga,Romania
fc_buzau_israel_puerto,fc_buzau,FC Buzău,fc_buzau.png,3,Israel Puerto,Centre-Back,"Jun 15, 1993 (31)",Spain,€200k,fc_buzau_israel_puerto.png,Superliga,Romania
fc_buzau_mike_cestor,fc_buzau,FC Buzău,fc_buzau.png,92,Mike Cestor,Centre-Back,"Apr 30, 1992 (32)",DR Congo,€150k,fc_buzau_mike_cestor.JPG,Superliga,Romania
fc_buzau_bradley_de_nooijer,fc_buzau,FC Buzău,fc_buzau.png,26,Bradley de Nooijer,Left-Back,"Nov 7, 1997 (27)",Netherlands,€500k,fc_buzau_bradley_de_nooijer.png,Superliga,Romania
fc_buzau_denis_dumitrascu,fc_buzau,FC Buzău,fc_buzau.png,80,Denis Dumitrascu,Left-Back,"Apr 27, 1995 (29)",Romania,€250k,fc_buzau_denis_dumitrascu.png,Superliga,Romania
fc_buzau_robert_salceanu,fc_buzau,FC Buzău,fc_buzau.png,18,Robert Salceanu,Left-Back,"Jan 13, 2004 (21)",Romania,€200k,fc_buzau_robert_salceanu.jpg,Superliga,Romania
fc_buzau_alessandro_ciranni,fc_buzau,FC Buzău,fc_buzau.png,14,Alessandro Ciranni,Right-Back,"Jun 28, 1996 (28)",Belgium,€450k,fc_buzau_alessandro_ciranni.jpg,Superliga,Romania
fc_buzau_sergiu_pirvulescu,fc_buzau,FC Buzău,fc_buzau.png,22,Sergiu Pirvulescu,Right-Back,"Jul 21, 2003 (21)",Romania,€250k,fc_buzau_sergiu_pirvulescu.png,Superliga,Romania
fc_buzau_diego_ferraresso,fc_buzau,FC Buzău,fc_buzau.png,87,Diego Ferraresso,Right-Back,"May 21, 1992 (32)",Bulgaria,€175k,fc_buzau_diego_ferraresso.png,Superliga,Romania
fc_buzau_dragos_albu,fc_buzau,FC Buzău,fc_buzau.png,8,Dragos Albu,Defensive Midfield,"Mar 15, 2001 (24)",Romania,€450k,fc_buzau_dragos_albu.JPG,Superliga,Romania
fc_buzau_james_lea_siliki,fc_buzau,FC Buzău,fc_buzau.png,17,James Lea Siliki,Central Midfield,"Jun 12, 1996 (28)",Cameroon,€450k,fc_buzau_james_lea_siliki.jpg,Superliga,Romania
fc_buzau_david_tavares,fc_buzau,FC Buzău,fc_buzau.png,20,David Tavares,Central Midfield,"Mar 19, 1999 (26)",Cape Verde,€250k,fc_buzau_david_tavares.jpg,Superliga,Romania
fc_buzau_aleksejs_saveljevs,fc_buzau,FC Buzău,fc_buzau.png,24,Aleksejs Saveljevs,Central Midfield,"Jan 30, 1999 (26)",Latvia,€250k,fc_buzau_aleksejs_saveljevs.png,Superliga,Romania
fc_buzau_luca_mihai,fc_buzau,FC Buzău,fc_buzau.png,4,Luca Mihai,Central Midfield,"Oct 11, 2003 (21)",Romania,€200k,fc_buzau_luca_mihai.png,Superliga,Romania
fc_buzau_tudor_calin,fc_buzau,FC Buzău,fc_buzau.png,6,Tudor Calin,Central Midfield,"Oct 8, 2000 (24)",Romania,€150k,fc_buzau_tudor_calin.jpg,Superliga,Romania
fc_buzau_vito,fc_buzau,FC Buzău,fc_buzau.png,28,Vito,Central Midfield,"Sep 18, 1997 (27)",Portugal,€100k,fc_buzau_vito.png,Superliga,Romania
fc_buzau_nicusor_brincoveanu,fc_buzau,FC Buzău,fc_buzau.png,88,Nicusor Brincoveanu,Central Midfield,"Apr 15, 2006 (19)",Romania,€50k,fc_buzau_nicusor_brincoveanu.jpg,Superliga,Romania
fc_buzau_alexandru_jipa,fc_buzau,FC Buzău,fc_buzau.png,98,Alexandru Jipa,Right Midfield,"Aug 14, 2002 (22)",Romania,€300k,fc_buzau_alexandru_jipa.png,Superliga,Romania
fc_buzau_cristian_benavente,fc_buzau,FC Buzău,fc_buzau.png,19,Cristian Benavente,Attacking Midfield,"May 19, 1994 (30)",Peru,€325k,fc_buzau_cristian_benavente.jpg,Superliga,Romania
fc_buzau_constantin_budescu,fc_buzau,FC Buzău,fc_buzau.png,10,Constantin Budescu,Attacking Midfield,"Feb 19, 1989 (36)",Romania,€250k,fc_buzau_constantin_budescu.png,Superliga,Romania
fc_buzau_cristian_dumitru,fc_buzau,FC Buzău,fc_buzau.png,7,Cristian Dumitru,Left Winger,"Dec 13, 2001 (23)",Romania,€200k,fc_buzau_cristian_dumitru.png,Superliga,Romania
fc_buzau_alexandru_isfan,fc_buzau,FC Buzău,fc_buzau.png,30,Alexandru Isfan,Right Winger,"Jan 31, 2000 (25)",Romania,€350k,fc_buzau_alexandru_isfan.png,Superliga,Romania
fc_buzau_ricardo_matos,fc_buzau,FC Buzău,fc_buzau.png,9,Ricardo Matos,Centre-Forward,"Mar 25, 2000 (25)",Portugal,€450k,fc_buzau_ricardo_matos.png,Superliga,Romania
fc_buzau_kevin_brobbey,fc_buzau,FC Buzău,fc_buzau.png,42,Kevin Brobbey,Centre-Forward,"Jul 26, 1993 (31)",Netherlands,€450k,fc_buzau_kevin_brobbey.jpeg,Superliga,Romania
fc_buzau_dragos_tescan,fc_buzau,FC Buzău,fc_buzau.png,11,Dragos Tescan,Centre-Forward,"Sep 15, 1999 (25)",Romania,€200k,fc_buzau_dragos_tescan.png,Superliga,Romania
fc_buzau_florin_buda,fc_buzau,FC Buzău,fc_buzau.png,99,Florin Buda,Centre-Forward,"Aug 22, 2007 (17)",Romania,-,fc_buzau_florin_buda.jpg,Superliga,Romania
uta_arad_andrei_gorcea,uta_arad,UTA Arad,uta_arad.png,33,Andrei Gorcea,Goalkeeper,"Aug 2, 2001 (23)",Romania,€250k,uta_arad_andrei_gorcea.png,Superliga,Romania
uta_arad_dejan_iliev,uta_arad,UTA Arad,uta_arad.png,1,Dejan Iliev,Goalkeeper,"Feb 25, 1995 (30)",North Macedonia,€150k,uta_arad_dejan_iliev.png,Superliga,Romania
uta_arad_patric_toderean,uta_arad,UTA Arad,uta_arad.png,62,Patric Toderean,Goalkeeper,"Nov 26, 2004 (20)",Romania,-,uta_arad_patric_toderean.jpg,Superliga,Romania
uta_arad_lucas_rosu,uta_arad,UTA Arad,uta_arad.png,12,Lucas Rosu,Goalkeeper,"Jan 1, 2007 (18)",Romania,-,uta_arad_lucas_rosu.jpg,Superliga,Romania
uta_arad_ibrahima_conte,uta_arad,UTA Arad,uta_arad.png,15,Ibrahima Conte,Centre-Back,"Apr 3, 1996 (29)",Guinea,€550k,uta_arad_ibrahima_conte.png,Superliga,Romania
uta_arad_florent_poulolo,uta_arad,UTA Arad,uta_arad.png,6,Florent Poulolo,Centre-Back,"Jan 2, 1997 (28)",Martinique,€400k,uta_arad_florent_poulolo.png,Superliga,Romania
uta_arad_khadim_rassoul,uta_arad,UTA Arad,uta_arad.png,5,Khadim Rassoul,Centre-Back,"Dec 31, 1995 (29)",Senegal,€350k,uta_arad_khadim_rassoul.png,Superliga,Romania
uta_arad_alexandru_benga,uta_arad,UTA Arad,uta_arad.png,4,Alexandru Benga,Centre-Back,"Jun 15, 1989 (35)",Romania,€100k,uta_arad_alexandru_benga.png,Superliga,Romania
uta_arad_razvan_trif,uta_arad,UTA Arad,uta_arad.png,29,Razvan Trif,Left-Back,"Oct 9, 1997 (27)",Romania,€350k,uta_arad_razvan_trif.png,Superliga,Romania
uta_arad_damien_dussaut,uta_arad,UTA Arad,uta_arad.png,94,Damien Dussaut,Right-Back,"Nov 8, 1994 (30)",Martinique,€350k,uta_arad_damien_dussaut.png,Superliga,Romania
uta_arad_ravy_tsouka,uta_arad,UTA Arad,uta_arad.png,25,Ravy Tsouka,Right-Back,"Dec 23, 1994 (30)",Congo,€300k,uta_arad_ravy_tsouka.jpg,Superliga,Romania
uta_arad_cristian_mihai,uta_arad,UTA Arad,uta_arad.png,21,Cristian Mihai,Defensive Midfield,"Sep 23, 2004 (20)",Romania,€750k,uta_arad_cristian_mihai.png,Superliga,Romania
uta_arad_denis_hrezdac,uta_arad,UTA Arad,uta_arad.png,97,Denis Hrezdac,Defensive Midfield,"Nov 3, 2001 (23)",Romania,€350k,uta_arad_denis_hrezdac.jpg,Superliga,Romania
uta_arad_joao_pedro,uta_arad,UTA Arad,uta_arad.png,-,Joao Pedro,Central Midfield,"Apr 3, 1993 (32)",Portugal,€300k,uta_arad_joao_pedro.png,Superliga,Romania
uta_arad_cornel_rapa,uta_arad,UTA Arad,uta_arad.png,31,Cornel Rapa,Right Midfield,"Jan 16, 1990 (35)",Romania,€125k,uta_arad_cornel_rapa.png,Superliga,Romania
uta_arad_benjamin_van_durmen,uta_arad,UTA Arad,uta_arad.png,30,Benjamin Van Durmen,Left Midfield,"Mar 20, 1997 (28)",Belgium,€450k,uta_arad_benjamin_van_durmen.png,Superliga,Romania
uta_arad_paul-jose_mpoku,uta_arad,UTA Arad,uta_arad.png,40,Paul-Jose Mpoku,Attacking Midfield,"Apr 19, 1992 (33)",DR Congo,€600k,uta_arad_paul-jose_mpoku.jpg,Superliga,Romania
uta_arad_marinos_tzionis,uta_arad,UTA Arad,uta_arad.png,10,Marinos Tzionis,Left Winger,"Jul 16, 2001 (23)",Cyprus,€1.00m,uta_arad_marinos_tzionis.png,Superliga,Romania
uta_arad_valentin_costache,uta_arad,UTA Arad,uta_arad.png,19,Valentin Costache,Left Winger,"Aug 2, 1998 (26)",Romania,€650k,uta_arad_valentin_costache.png,Superliga,Romania
uta_arad_eric_omondi,uta_arad,UTA Arad,uta_arad.png,24,Eric Omondi,Left Winger,"Aug 18, 1994 (30)",Kenya,€500k,uta_arad_eric_omondi.png,Superliga,Romania
uta_arad_lamine_ghezali,uta_arad,UTA Arad,uta_arad.png,14,Lamine Ghezali,Right Winger,"Jul 6, 1999 (25)",France,€250k,uta_arad_lamine_ghezali.png,Superliga,Romania
uta_arad_marian_danciu,uta_arad,UTA Arad,uta_arad.png,37,Marian Danciu,Right Winger,"Apr 24, 2002 (23)",Romania,€200k,uta_arad_marian_danciu.png,Superliga,Romania
uta_arad_nsungusi_effiong,uta_arad,UTA Arad,uta_arad.png,99,Nsungusi Effiong,Centre-Forward,"Nov 4, 1999 (25)",Nigeria,€400k,uta_arad_nsungusi_effiong.png,Superliga,Romania
uta_arad_shayon_harrison,uta_arad,UTA Arad,uta_arad.png,11,Shayon Harrison,Centre-Forward,"Jul 13, 1997 (27)",England,€350k,uta_arad_shayon_harrison.png,Superliga,Romania
uta_arad_agustin_vuletich,uta_arad,UTA Arad,uta_arad.png,9,Agustin Vuletich,Centre-Forward,"Nov 3, 1991 (33)",Argentina,€100k,uta_arad_agustin_vuletich.JPG,Superliga,Romania
uta_arad_daniel_zsori,uta_arad,UTA Arad,uta_arad.png,17,Daniel Zsori,Centre-Forward,"Oct 14, 2000 (24)",Hungary,€100k,uta_arad_daniel_zsori.jpg,Superliga,Romania
uta_arad_raoul_cristea,uta_arad,UTA Arad,uta_arad.png,27,Raoul Cristea,Centre-Forward,"Sep 4, 2002 (22)",Romania,€100k,uta_arad_raoul_cristea.png,Superliga,Romania
afc_unirea_04_slobozia_denis_rusu,afc_unirea_04_slobozia,AFC Unirea 04 Slobozia,afc_unirea_04_slobozia.png,12,Denis Rusu,Goalkeeper,"Aug 2, 1990 (34)",Moldova,€250k,afc_unirea_04_slobozia_denis_rusu.png,Superliga,Romania
afc_unirea_04_slobozia_stefan_krell,afc_unirea_04_slobozia,AFC Unirea 04 Slobozia,afc_unirea_04_slobozia.png,1,Stefan Krell,Goalkeeper,"Jun 12, 1992 (32)",Austria,€100k,afc_unirea_04_slobozia_stefan_krell.png,Superliga,Romania
afc_unirea_04_slobozia_stefan_georgescu,afc_unirea_04_slobozia,AFC Unirea 04 Slobozia,afc_unirea_04_slobozia.png,86,Stefan Georgescu,Goalkeeper,"Sep 30, 2001 (23)",Romania,€25k,afc_unirea_04_slobozia_stefan_georgescu.jpg,Superliga,Romania
afc_unirea_04_slobozia_filip_blazek,afc_unirea_04_slobozia,AFC Unirea 04 Slobozia,afc_unirea_04_slobozia.png,14,Filip Blazek,Centre-Back,"Mar 11, 1998 (27)",Slovakia,€350k,afc_unirea_04_slobozia_filip_blazek.png,Superliga,Romania
afc_unirea_04_slobozia_ariel_lopez,afc_unirea_04_slobozia,AFC Unirea 04 Slobozia,afc_unirea_04_slobozia.png,5,Ariel Lopez,Centre-Back,"May 26, 1995 (29)",Uruguay,€300k,afc_unirea_04_slobozia_ariel_lopez.png,Superliga,Romania
afc_unirea_04_slobozia_dmytro_pospelov,afc_unirea_04_slobozia,AFC Unirea 04 Slobozia,afc_unirea_04_slobozia.png,60,Dmytro Pospelov,Centre-Back,"Oct 19, 1991 (33)",Ukraine,€300k,afc_unirea_04_slobozia_dmytro_pospelov.png,Superliga,Romania
afc_unirea_04_slobozia_marius_antoche,afc_unirea_04_slobozia,AFC Unirea 04 Slobozia,afc_unirea_04_slobozia.png,6,Marius Antoche,Centre-Back,"Jun 21, 1992 (32)",Romania,€250k,afc_unirea_04_slobozia_marius_antoche.png,Superliga,Romania
afc_unirea_04_slobozia_ionut_dinu,afc_unirea_04_slobozia,AFC Unirea 04 Slobozia,afc_unirea_04_slobozia.png,4,Ionut Dinu,Centre-Back,"Apr 8, 1998 (27)",Romania,€150k,afc_unirea_04_slobozia_ionut_dinu.png,Superliga,Romania
afc_unirea_04_slobozia_daniel_serbanica,afc_unirea_04_slobozia,AFC Unirea 04 Slobozia,afc_unirea_04_slobozia.png,29,Daniel Serbanica,Left-Back,"Jun 25, 1996 (28)",Romania,€350k,afc_unirea_04_slobozia_daniel_serbanica.png,Superliga,Romania
afc_unirea_04_slobozia_laurentiu_vlasceanu,afc_unirea_04_slobozia,AFC Unirea 04 Slobozia,afc_unirea_04_slobozia.png,7,Laurentiu Vlasceanu,Left-Back,"May 29, 2005 (19)",Romania,€250k,afc_unirea_04_slobozia_laurentiu_vlasceanu.jpg,Superliga,Romania
afc_unirea_04_slobozia_constantin_toma,afc_unirea_04_slobozia,AFC Unirea 04 Slobozia,afc_unirea_04_slobozia.png,10,Constantin Toma,Left-Back,"Mar 23, 1987 (38)",Romania,€50k,afc_unirea_04_slobozia_constantin_toma.png,Superliga,Romania
afc_unirea_04_slobozia_paolo_medina,afc_unirea_04_slobozia,AFC Unirea 04 Slobozia,afc_unirea_04_slobozia.png,15,Paolo Medina,Right-Back,"May 28, 1999 (25)",Mexico,€550k,afc_unirea_04_slobozia_paolo_medina.png,Superliga,Romania
afc_unirea_04_slobozia_andrei_dorobantu,afc_unirea_04_slobozia,AFC Unirea 04 Slobozia,afc_unirea_04_slobozia.png,2,Andrei Dorobantu,Right-Back,"Aug 29, 2004 (20)",Romania,€200k,afc_unirea_04_slobozia_andrei_dorobantu.png,Superliga,Romania
afc_unirea_04_slobozia_florinel_ibrian,afc_unirea_04_slobozia,AFC Unirea 04 Slobozia,afc_unirea_04_slobozia.png,21,Florinel Ibrian,Right-Back,"Sep 14, 1993 (31)",Romania,€100k,afc_unirea_04_slobozia_florinel_ibrian.png,Superliga,Romania
afc_unirea_04_slobozia_ovidiu_perianu,afc_unirea_04_slobozia,AFC Unirea 04 Slobozia,afc_unirea_04_slobozia.png,20,Ovidiu Perianu,Defensive Midfield,"Apr 16, 2002 (23)",Romania,€450k,afc_unirea_04_slobozia_ovidiu_perianu.png,Superliga,Romania
afc_unirea_04_slobozia_ionut_coada,afc_unirea_04_slobozia,AFC Unirea 04 Slobozia,afc_unirea_04_slobozia.png,8,Ionut Coada,Defensive Midfield,"Jan 1, 1998 (27)",Romania,€400k,afc_unirea_04_slobozia_ionut_coada.png,Superliga,Romania
afc_unirea_04_slobozia_rassambek_akhmatov,afc_unirea_04_slobozia,AFC Unirea 04 Slobozia,afc_unirea_04_slobozia.png,17,Rassambek Akhmatov,Defensive Midfield,"May 31, 1996 (28)",Russia,€300k,afc_unirea_04_slobozia_rassambek_akhmatov.png,Superliga,Romania
afc_unirea_04_slobozia_stefan_pacionel,afc_unirea_04_slobozia,AFC Unirea 04 Slobozia,afc_unirea_04_slobozia.png,-,Stefan Pacionel,Central Midfield,"Feb 16, 1999 (26)",Romania,€200k,afc_unirea_04_slobozia_stefan_pacionel.png,Superliga,Romania
afc_unirea_04_slobozia_adnan_aganovic,afc_unirea_04_slobozia,AFC Unirea 04 Slobozia,afc_unirea_04_slobozia.png,77,Adnan Aganovic,Central Midfield,"Oct 3, 1987 (37)",Croatia,€100k,afc_unirea_04_slobozia_adnan_aganovic.png,Superliga,Romania
afc_unirea_04_slobozia_mihaita_lemnaru,afc_unirea_04_slobozia,AFC Unirea 04 Slobozia,afc_unirea_04_slobozia.png,22,Mihaita Lemnaru,Central Midfield,"Jul 14, 2000 (24)",Romania,€50k,afc_unirea_04_slobozia_mihaita_lemnaru.png,Superliga,Romania
afc_unirea_04_slobozia_denis_dragomir,afc_unirea_04_slobozia,AFC Unirea 04 Slobozia,afc_unirea_04_slobozia.png,-,Denis Dragomir,Central Midfield,"Jan 8, 2005 (20)",Romania,€10k,afc_unirea_04_slobozia_denis_dragomir.jpg,Superliga,Romania
afc_unirea_04_slobozia_christ_afalna,afc_unirea_04_slobozia,AFC Unirea 04 Slobozia,afc_unirea_04_slobozia.png,98,Christ Afalna,Attacking Midfield,"Jun 15, 1998 (26)",Cameroon,€400k,afc_unirea_04_slobozia_christ_afalna.png,Superliga,Romania
afc_unirea_04_slobozia_florin_purece,afc_unirea_04_slobozia,AFC Unirea 04 Slobozia,afc_unirea_04_slobozia.png,30,Florin Purece,Attacking Midfield,"Nov 6, 1991 (33)",Romania,€200k,afc_unirea_04_slobozia_florin_purece.png,Superliga,Romania
afc_unirea_04_slobozia_petru_neagu,afc_unirea_04_slobozia,AFC Unirea 04 Slobozia,afc_unirea_04_slobozia.png,27,Petru Neagu,Left Winger,"Aug 13, 1999 (25)",Moldova,€200k,afc_unirea_04_slobozia_petru_neagu.png,Superliga,Romania
afc_unirea_04_slobozia_marius_lupu,afc_unirea_04_slobozia,AFC Unirea 04 Slobozia,afc_unirea_04_slobozia.png,16,Marius Lupu,Right Winger,"Sep 1, 1999 (25)",Romania,€350k,afc_unirea_04_slobozia_marius_lupu.jpg,Superliga,Romania
afc_unirea_04_slobozia_cristian_barbut,afc_unirea_04_slobozia,AFC Unirea 04 Slobozia,afc_unirea_04_slobozia.png,23,Cristian Barbut,Right Winger,"Apr 22, 1995 (30)",Romania,€200k,afc_unirea_04_slobozia_cristian_barbut.png,Superliga,Romania
afc_unirea_04_slobozia_bachana_arabuli,afc_unirea_04_slobozia,AFC Unirea 04 Slobozia,afc_unirea_04_slobozia.png,45,Bachana Arabuli,Centre-Forward,"Jan 5, 1994 (31)",Georgia,€250k,afc_unirea_04_slobozia_bachana_arabuli.jpg,Superliga,Romania
afc_unirea_04_slobozia_filip_ilie,afc_unirea_04_slobozia,AFC Unirea 04 Slobozia,afc_unirea_04_slobozia.png,9,Filip Ilie,Centre-Forward,"Jul 15, 2002 (22)",Romania,€200k,afc_unirea_04_slobozia_filip_ilie.jpg,Superliga,Romania
afc_unirea_04_slobozia_dmytro_yusov,afc_unirea_04_slobozia,AFC Unirea 04 Slobozia,afc_unirea_04_slobozia.png,18,Dmytro Yusov,Centre-Forward,"May 11, 1993 (31)",Ukraine,€200k,afc_unirea_04_slobozia_dmytro_yusov.png,Superliga,Romania
afc_unirea_04_slobozia_jakub_vojtus,afc_unirea_04_slobozia,AFC Unirea 04 Slobozia,afc_unirea_04_slobozia.png,11,Jakub Vojtus,Centre-Forward,"Oct 22, 1993 (31)",Slovakia,€150k,afc_unirea_04_slobozia_jakub_vojtus.png,Superliga,Romania
